"Regulon"	"Size"	"NES"	"p.value"	"FDR"	"Synergy"	"Ledge"
"GATAD2A--TCFL5"	"GATAD2A--TCFL5"	31	5.11	3.15e-07	0.000284	1.07e-07	""
"SREBF1"	"SREBF1"	116	4.85	1.23e-06	0.000457	NA	"BMP1, ECE1, ITGA3, GALE, + 99 genes"
"RARG"	"RARG"	265	4.76	1.92e-06	0.000457	NA	"ACACB, FLII, ALDH2, BMP1, + 236 genes"
"ETV5"	"ETV5"	95	4.44	9.15e-06	0.00137	NA	"IGF2BP2, PLCD3, GLT1D1, ATP2C2, + 75 genes"
"GATAD2A"	"GATAD2A"	207	4.22	2.43e-05	0.00261	NA	"HGD, PLCD3, MET, FLII, + 213 genes"
"TCFL5--LRRFIP2"	"TCFL5--LRRFIP2"	26	4.21	2.61e-05	0.00261	9.73e-08	""
"ZNF480--LRRFIP2"	"ZNF480--LRRFIP2"	36	3.99	6.7e-05	0.00547	0.000368	""
"STAT6"	"STAT6"	89	3.91	9.06e-05	0.00554	NA	"TMEM164, ALDH2, RIMKLA, FHOD1, + 86 genes"
"HES6"	"HES6"	75	3.78	0.000154	0.00649	NA	"TMEM164, RNF24, BMP1, ETV5, + 83 genes"
"ETV4"	"ETV4"	137	3.67	0.000245	0.00881	NA	"IGF2BP2, RNF24, L3MBTL4, GALNT7, + 153 genes"
"NR1D1"	"NR1D1"	33	3.61	0.000309	0.0107	NA	"TBC1D4, B3GNT7, PLA2R1, RNF150, + 27 genes"
"RARA"	"RARA"	172	3.58	0.00034	0.0114	NA	"BMP1, PRPS1, PRKCQ, PPP1R13L, + 241 genes"
"SOX4"	"SOX4"	91	3.56	0.000367	0.0116	NA	"ACACB, ALDH2, ARHGAP23, EVA1A, + 76 genes"
"KLF16"	"KLF16"	64	3.51	0.000451	0.012	NA	"SLC4A4, WASF3, BID, PRKACB, + 54 genes"
"ZNF233"	"ZNF233"	35	3.47	0.000516	0.0129	NA	"ALOX5, SCNN1A, MARVELD1, FAM189A2, + 10 genes"
"RUNX2"	"RUNX2"	263	3.45	0.000554	0.0131	NA	"IGF2BP2, HGD, ACACB, MET, + 211 genes"
"HEY2"	"HEY2"	69	3.44	0.000574	0.0131	NA	"IGF2BP2, ACACB, L3MBTL4, MPPED2, + 72 genes"
"ELK1"	"ELK1"	76	3.44	0.00058	0.0131	NA	"HGD, ABR, MET, MPPED2, + 58 genes"
"IRF5"	"IRF5"	115	3.41	0.000655	0.0135	NA	"SLC35F2, ACACB, ELMO1, FHOD1, + 85 genes"
"RXRG"	"RXRG"	343	3.38	0.000719	0.0139	NA	"UCHL5, IGF2BP2, BMP1, MPPED2, + 284 genes"
"ETV1"	"ETV1"	72	3.38	0.000733	0.0139	NA	"MET, GLT1D1, COL23A1, CFI, + 57 genes"
"SOX8"	"SOX8"	27	3.33	0.000876	0.0158	NA	"TPD52L1, SLC26A7, SLC16A2, GALNT10, + 17 genes"
"POU2F3"	"POU2F3"	116	3.32	0.000912	0.0158	NA	"SLC35F2, PLCD3, TMEM164, PRPS1, + 107 genes"
"RELA"	"RELA"	65	3.32	0.000916	0.0158	NA	"PLEKHN1, GATAD2A, ALDH3B1, LSR, + 52 genes"
"PLAG1"	"PLAG1"	136	3.31	0.000937	0.0158	NA	"IGF2BP2, RNF24, ITGA3, MEAF6, + 103 genes"
"HMGA1"	"HMGA1"	69	3.31	0.000948	0.0158	NA	"HGD, SLC4A4, FLII, MPPED2, + 132 genes"
"PRDM1"	"PRDM1"	49	3.15	0.00162	0.0228	NA	"IGF2BP2, MARC2, B3GNT7, MAPK13, + 46 genes"
"ARNTL"	"ARNTL"	93	3.11	0.0019	0.0248	NA	"IGF2BP2, L3MBTL4, ITGA3, QSOX1, + 74 genes"
"E2F1"	"E2F1"	152	3.07	0.00212	0.026	NA	"CLMN, GALE, CDH3, TGFB1, + 115 genes"
"YBX3"	"YBX3"	138	3.07	0.00214	0.026	NA	"TMEM164, BMP1, LPAR5, GALE, + 114 genes"
"ZBTB7A"	"ZBTB7A"	138	3.06	0.00222	0.0264	NA	"PLCD3, PRPS1, PRKCQ, ECE1, + 110 genes"
"ZNF581"	"ZNF581"	166	2.97	0.003	0.0322	NA	"TBC1D4, ADAM22, PLA2R1, PLSCR4, + 135 genes"
"RUNX1"	"RUNX1"	358	2.96	0.00306	0.0324	NA	"HGD, ABR, MET, SLC4A4, + 294 genes"
"MIER2"	"MIER2"	120	2.96	0.00309	0.0324	NA	"UCHL5, PRPS1, PPP1R13L, PRMT3, + 108 genes"
"NPAS1"	"NPAS1"	145	2.89	0.00382	0.0383	NA	"BID, SHLD2, PLEKHN1, TGFB1, + 128 genes"
"ELF3"	"ELF3"	160	2.88	0.00398	0.0394	NA	"PLCD3, FLII, BCL2, EVPL, + 118 genes"
"TSC22D1"	"TSC22D1"	208	2.86	0.00422	0.0409	NA	"UCHL5, MET, FLII, ECE1, + 155 genes"
"BHLHE41"	"BHLHE41"	154	2.81	0.00493	0.0449	NA	"IGF2BP2, PLCD3, ECE1, DTX4, + 111 genes"
"LBX2"	"LBX2"	69	2.8	0.00518	0.0453	NA	"OSBPL1A, TGFB1, NECTIN4, TNRC6C-AS1, + 61 genes"
"NFE2L3"	"NFE2L3"	159	2.79	0.00532	0.046	NA	"TUSC3, MAPK13, PRMT3, FTCDNL1, + 122 genes"
"MLXIPL"	"MLXIPL"	145	2.76	0.00587	0.0499	NA	"PLCD3, TMEM164, IQGAP2, RIMKLA, + 115 genes"
"CREB5"	"CREB5"	73	2.71	0.00669	0.0562	NA	"PLCD3, PAIP2B, PTPRE, CDC42EP1, + 50 genes"
"CBFB"	"CBFB"	103	2.66	0.0079	0.0647	NA	"PAIP2B, COL23A1, PRMT3, PTPRE, + 81 genes"
"NFATC4"	"NFATC4"	164	2.65	0.00814	0.066	NA	"TMEM164, BMP1, GALE, HAP1, + 133 genes"
"TSC22D4"	"TSC22D4"	111	2.62	0.00892	0.0711	NA	"UCHL5, PLSCR4, CCSER1, ABCB10, + 97 genes"
"TEAD3"	"TEAD3"	84	2.56	0.0104	0.0805	NA	"ERBB3, PAIP2B, EVA1A, TMEM19, + 68 genes"
"NFKB2"	"NFKB2"	291	2.42	0.0155	0.11	NA	"FAM234B, TGFB1, SCO1, ACADSB, + 214 genes"
"HMGXB3"	"HMGXB3"	99	2.42	0.0157	0.11	NA	"ABR, MET, FHOD1, MAPK13, + 82 genes"
"PSPC1"	"PSPC1"	56	2.41	0.0158	0.11	NA	"ST3GAL5, MEAF6, ACADSB, MPZL2, + 36 genes"
"ZNF732"	"ZNF732"	51	2.39	0.0167	0.114	NA	"TMEM164, PRPS1, EFEMP1, PLAG1, + 43 genes"
"BHLHE40"	"BHLHE40"	52	2.36	0.0182	0.122	NA	"ABR, RUNX1, DUSP4, DCAF17, + 37 genes"
"FOXD2"	"FOXD2"	49	2.35	0.0185	0.124	NA	"TNFRSF11B, H2AFY, PEA15, CDH24, + 37 genes"
"DNMT1"	"DNMT1"	204	2.35	0.019	0.126	NA	"FLII, GALE, RMDN1, ARHGAP23, + 135 genes"
"FOXK2"	"FOXK2"	89	2.28	0.0229	0.137	NA	"LPP-AS2, SLC16A2, MANEAL, SBSPON, + 56 genes"
"TCF3"	"TCF3"	112	2.23	0.0258	0.151	NA	"RMDN1, LRRC2, ACADSB, LYRM7, + 84 genes"
"MYRF"	"MYRF"	40	2.22	0.0263	0.153	NA	"QSOX1, PLEKHD1, RASD2, PLEKHA6, + 25 genes"
"ZFP69B"	"ZFP69B"	144	2.22	0.0268	0.154	NA	"ALDH2, WASF3, GALE, SHROOM4, + 103 genes"
"TFE3"	"TFE3"	50	2.21	0.0272	0.154	NA	"CEP170B, ABCB10, C1orf226, APLP2, + 41 genes"
"SP100"	"SP100"	38	2.2	0.0281	0.156	NA	"ERBB3, ADIPOR2, SPATS2L, KATNAL2, + 23 genes"
"MNT"	"MNT"	117	2.19	0.0289	0.16	NA	"UCHL5, ECE1, NAB2, CLEC16A, + 90 genes"
"MTA2"	"MTA2"	220	2.18	0.0294	0.162	NA	"CDH3, PLSCR4, TNRC6C-AS1, PLXND1, + 146 genes"
"ZNF213"	"ZNF213"	82	2.17	0.0302	0.164	NA	"FHOD1, TGFB1I1, AXIN1, HECTD3, + 67 genes"
"NR1H2"	"NR1H2"	89	2.16	0.0306	0.165	NA	"BAG6, ABCB10, ASPH, AXIN1, + 80 genes"
"ZHX2"	"ZHX2"	92	2.16	0.0309	0.166	NA	"RNF24, CLEC16A, NDRG2, CYP17A1, + 57 genes"
"NONO"	"NONO"	64	2.14	0.032	0.169	NA	"RNF24, ERBB3, MAPK13, PLXNB2, + 47 genes"
"TP53"	"TP53"	81	2.12	0.0339	0.174	NA	"MARC2, CDH3, CD276, GATM, + 54 genes"
"ZFP36L1"	"ZFP36L1"	71	2.04	0.0413	0.202	NA	"IGF2BP2, ALDH2, SEMA4C, ACADM, + 49 genes"
"HES4"	"HES4"	68	2.02	0.0436	0.211	NA	"PPP1R13L, TGFB1I1, SHROOM1, CALCOCO2, + 55 genes"
"ZNF710"	"ZNF710"	86	2	0.0458	0.218	NA	"NECTIN4, DUSP4, EBAG9, C11orf74, + 50 genes"
"GRHL1"	"GRHL1"	38	1.95	0.0513	0.242	NA	"ALDH2, ERBB3, NRCAM, SYP, + 21 genes"
"RELB"	"RELB"	66	1.92	0.0546	0.252	NA	"RUNX1, PRUNE1, PDLIM4, ICAM1, + 49 genes"
"BATF3"	"BATF3"	146	1.91	0.0563	0.256	NA	"LYRM7, ANKRD46, PDE5A, YBX3, + 111 genes"
"ZSCAN16"	"ZSCAN16"	85	1.89	0.0586	0.26	NA	"WASF3, GALE, DHRS3, TG, + 61 genes"
"IKZF3"	"IKZF3"	71	1.86	0.0622	0.272	NA	"L3MBTL4, LPAR5, LASP1, PTPRE, + 30 genes"
"ZNF217"	"ZNF217"	200	1.85	0.0642	0.278	NA	"TMEM164, ERBB3, COL23A1, RUNX1, + 126 genes"
"GLIS2"	"GLIS2"	25	1.85	0.0649	0.279	NA	"SEMA4C, CDC42EP1, GATAD2A, UNC5B, + 11 genes"
"IRF3"	"IRF3"	237	1.84	0.0651	0.279	NA	"FHOD1, PAIP2B, ACADSB, LSR, + 207 genes"
"ZBTB42"	"ZBTB42"	170	1.84	0.0654	0.279	NA	"ANKS6, CEP170B, METTL8, RXRG, + 101 genes"
"ATF6B"	"ATF6B"	42	1.8	0.0711	0.298	NA	"UCHL5, PAM, CALCOCO1, CEBPG, + 32 genes"
"FOXP4"	"FOXP4"	93	1.79	0.0735	0.307	NA	"ANKS6, BAG6, AGRN, STAT6, + 64 genes"
"ZNF114"	"ZNF114"	35	1.77	0.0761	0.315	NA	"ITPR1, PRKACB, C11orf80, SHANK2, + 16 genes"
"AHR"	"AHR"	123	1.77	0.0773	0.316	NA	"IL13RA1, MPZL2, CLDN1, ELN-AS1, + 77 genes"
"KLF8"	"KLF8"	74	1.76	0.0776	0.316	NA	"PTPRE, PLAG1, PAPLN, PDE5A, + 54 genes"
"ELK3"	"ELK3"	149	1.76	0.0779	0.316	NA	"TRMT9B, FTCDNL1, CYP17A1, GATM, + 105 genes"
"ZNF430"	"ZNF430"	282	1.74	0.0817	0.327	NA	"SLC35F2, BMP1, BCL2, DTX4, + 160 genes"
"ZNF215"	"ZNF215"	53	1.68	0.0932	0.357	NA	"HAP1, CLU, DONSON, OAZ3, + 25 genes"
"TP63"	"TP63"	44	1.66	0.097	0.37	NA	"TMEM173, COL8A2, CSGALNACT2, KCNN4, + 30 genes"
"NKX2-8"	"NKX2-8"	32	1.65	0.0987	0.374	NA	"VASN, MAP1S, DIO2, RRS1, + 18 genes"
"ZNF100"	"ZNF100"	40	1.65	0.0996	0.375	NA	"PRICKLE1, RAD18, TMEM117, RPRD1A, + 25 genes"
"ZNF319"	"ZNF319"	45	1.64	0.101	0.378	NA	"SH2D4A, CDADC1, PPP1R9B, MGRN1, + 30 genes"
"MAX"	"MAX"	101	1.64	0.101	0.378	NA	"MPV17, MYO10, SH3RF1, TRIM58, + 61 genes"
"TCF7"	"TCF7"	63	1.62	0.106	0.386	NA	"PHKB, PAPLN, PLEKHA4, KRT80, + 40 genes"
"STAT1"	"STAT1"	91	1.62	0.106	0.386	NA	"PAPSS1, PDE5A, ABTB2, KCNQ3, + 49 genes"
"TGIF1"	"TGIF1"	35	1.61	0.107	0.386	NA	"FSTL3, PPHLN1, FANK1, TMEM109, + 25 genes"
"IRX3"	"IRX3"	66	1.6	0.109	0.388	NA	"PAIP2B, ETFDH, ACADM, SYNJ2BP, + 42 genes"
"ZBTB7C"	"ZBTB7C"	114	1.57	0.116	0.405	NA	"TTL, TBC1D2, PROS1, PKM, + 69 genes"
"ETV6"	"ETV6"	51	1.56	0.119	0.412	NA	"LRRC2, LIMK1, CMTM3, OTUD6B-AS1, + 22 genes"
"NR2F6"	"NR2F6"	46	1.56	0.12	0.412	NA	"METTL4, KIAA1211L, MAGEF1, IER5L, + 38 genes"
"ZNF431"	"ZNF431"	188	1.55	0.121	0.412	NA	"SLC35F2, BCL2, DTX4, GALNT10, + 81 genes"
"STAT2"	"STAT2"	113	1.55	0.121	0.412	NA	"LOH12CR2, CYP2S1, ARHGEF2, COMMD8, + 72 genes"
"CARHSP1"	"CARHSP1"	45	1.55	0.122	0.412	NA	"ACADSB, PFKFB2, MCFD2, DTWD2, + 31 genes"
"DLX3"	"DLX3"	103	1.54	0.123	0.412	NA	"ANKS6, TEAD3, RTKN, PALM, + 64 genes"
"GATA3"	"GATA3"	45	1.54	0.124	0.414	NA	"C11orf80, BASP1, FSTL3, RAB11FIP4, + 19 genes"
"DLX5"	"DLX5"	49	1.52	0.128	0.423	NA	"AFG3L2, PDLIM7, LDLRAD3, CDA, + 25 genes"
"EZH1"	"EZH1"	136	1.51	0.13	0.423	NA	"IGF2BP2, CELF4, HIP1R, HK1, + 86 genes"
"WDHD1"	"WDHD1"	98	1.51	0.13	0.423	NA	"ZNF438, DONSON, TMEM117, FBXO22, + 64 genes"
"ZNF90"	"ZNF90"	64	1.51	0.131	0.424	NA	"MBOAT2, PLAG1, SLC38A1, TENM1, + 35 genes"
"IKZF2"	"IKZF2"	105	1.5	0.135	0.432	NA	"ANKS6, APLP2, SIPA1L2, TENM1, + 79 genes"
"HSF1"	"HSF1"	65	1.47	0.14	0.442	NA	"PPP1R13L, USP16, LZTS2, CC2D1A, + 48 genes"
"NPAS3"	"NPAS3"	48	1.47	0.14	0.442	NA	"ANKS6, RUNX2, OGDHL, DCUN1D3, + 30 genes"
"NPAS2"	"NPAS2"	28	1.47	0.143	0.445	NA	"LONRF2, CCDC9B, SLC39A11, UCHL5"
"ZNF622"	"ZNF622"	107	1.46	0.144	0.445	NA	"TBCEL, ATIC, ELP2, SRP68, + 67 genes"
"THAP8"	"THAP8"	75	1.45	0.146	0.452	NA	"FOXK2, KNOP1, E2F1, CKS2, + 59 genes"
"ZNF117"	"ZNF117"	118	1.4	0.162	0.488	NA	"IGF2BP2, ADH5, ST7, NOL4L, + 94 genes"
"ZNF300"	"ZNF300"	105	1.4	0.163	0.488	NA	"PRPS1, RARG, PLAG1, SSH3, + 86 genes"
"DPF2"	"DPF2"	59	1.39	0.164	0.49	NA	"MTFR1, TMEM267, SLC38A1, NUDT17, + 39 genes"
"VDR"	"VDR"	98	1.38	0.167	0.495	NA	"TGFB1, PRKN, TGFBI, TREM1, + 54 genes"
"USF1"	"USF1"	131	1.38	0.169	0.497	NA	"TDRKH-AS1, OTUD6B-AS1, MCFD2, CPEB4, + 100 genes"
"ZSCAN2"	"ZSCAN2"	96	1.36	0.175	0.506	NA	"CD276, CPEB4, CLU, MPC1, + 69 genes"
"TFAP2E"	"TFAP2E"	56	1.34	0.181	0.518	NA	"TMEM44, ARHGEF28, ENPP1, PIP5KL1, + 27 genes"
"ZNF48"	"ZNF48"	58	1.34	0.181	0.518	NA	"CNP, ARAP2, KIAA2013, ARMC2, + 37 genes"
"ZBTB7B"	"ZBTB7B"	54	1.33	0.183	0.518	NA	"PBX4, LINC00092, ADM, ZNF710, + 25 genes"
"ELF4"	"ELF4"	173	1.33	0.184	0.518	NA	"ICAM1, GCSH, CLN5, DDX31, + 107 genes"
"ZNF7"	"ZNF7"	64	1.33	0.184	0.518	NA	"SLC1A1, PGK1, SLC9A5, GTF2H4, + 48 genes"
"ZNF579"	"ZNF579"	52	1.31	0.19	0.533	NA	"SHROOM1, ELAVL1, FAM110A, ISYNA1, + 38 genes"
"TET3"	"TET3"	261	1.3	0.192	0.534	NA	"PRMT3, CCND1, CDH3, FTCDNL1, + 161 genes"
"ARID3A"	"ARID3A"	101	1.29	0.198	0.548	NA	"PRMT3, PLEKHG2, DUBR, DSTN, + 58 genes"
"ZNF341"	"ZNF341"	124	1.28	0.199	0.548	NA	"TMEM44, MIER2, NEK1, LBX2, + 100 genes"
"NKX2-1"	"NKX2-1"	70	1.28	0.201	0.55	NA	"ALDH1B1, COL13A1, NELFA, SRSF4, + 48 genes"
"STAT5A"	"STAT5A"	66	1.26	0.207	0.559	NA	"PGGT1B, POU2F3, ARAP1, STOX2, + 27 genes"
"ZBTB33"	"ZBTB33"	132	1.24	0.214	0.571	NA	"NRCAM, PBX4, EPS8, ADH5, + 79 genes"
"FOXS1"	"FOXS1"	44	1.24	0.216	0.573	NA	"PLXND1, PDLIM7, PMEPA1, PDGFA, + 27 genes"
"HIF1A"	"HIF1A"	132	1.24	0.216	0.573	NA	"PTPRE, PBX4, ASPH, GNG7, + 86 genes"
"ID2"	"ID2"	61	1.23	0.217	0.573	NA	"ST3GAL5, NAB2, TANK, PRKCA, + 39 genes"
"MECOM"	"MECOM"	40	1.23	0.219	0.573	NA	"ATP11A, HSDL1, GPR161, RASAL2, + 26 genes"
"ATF5"	"ATF5"	41	1.22	0.222	0.577	NA	"FOXK2, TCEA1, SEZ6L2, TTC39A, + 25 genes"
"TEAD2"	"TEAD2"	108	1.22	0.223	0.577	NA	"PLXND1, CSNK1E, CDH24, CMTM3, + 62 genes"
"ZFAT"	"ZFAT"	56	1.2	0.228	0.577	NA	"LASP1, LLGL1, C1orf216, USP4, + 34 genes"
"IKZF4"	"IKZF4"	59	1.2	0.228	0.577	NA	"NDRG2, STAT6, PI4K2B, NOL4L, + 37 genes"
"NR2F1"	"NR2F1"	50	1.2	0.23	0.578	NA	"DENND6A, TMEM173, CMTM3, PLEKHA6, + 21 genes"
"ZNF784"	"ZNF784"	65	1.2	0.231	0.578	NA	"DHX29, GRIPAP1, COG5, MAP2K7, + 52 genes"
"MAFF"	"MAFF"	52	1.2	0.231	0.578	NA	"TBC1D2, TTC30B, MACC1, PTCD2, + 39 genes"
"ZNF367"	"ZNF367"	40	1.19	0.233	0.578	NA	"PAQR4, CDT1, E2F1, HTATSF1, + 18 genes"
"IRF9"	"IRF9"	84	1.17	0.241	0.582	NA	"LCLAT1, LYRM2, FBXL17, MOV10, + 56 genes"
"BACH2"	"BACH2"	85	1.17	0.242	0.582	NA	"KCNQ3, ALDH9A1, KCNQ1, IDS, + 40 genes"
"ARNTL2"	"ARNTL2"	318	1.17	0.242	0.582	NA	"MLH3, C16orf46, CRY2, CXCL16, + 170 genes"
"CAMTA2"	"CAMTA2"	131	1.17	0.244	0.584	NA	"BAG6, LRRC75A, TXLNA, DLG4, + 60 genes"
"ZFHX2"	"ZFHX2"	90	1.16	0.247	0.59	NA	"ACADM, NOL4L, SYPL1, SUCLA2, + 55 genes"
"ESR1"	"ESR1"	96	1.14	0.252	0.597	NA	"GABRB2, SPATS2L, DOCK9-DT, VEPH1, + 40 genes"
"FOSL1"	"FOSL1"	37	1.14	0.254	0.597	NA	"TIFA, DCUN1D3, SYS1, PLEKHG2, + 23 genes"
"KLF12"	"KLF12"	79	1.13	0.259	0.606	NA	"SHROOM4, SNTA1, GPR161, TANC2, + 51 genes"
"CSRNP2"	"CSRNP2"	101	1.1	0.27	0.617	NA	"KIZ, ELK1, HIP1, ATP11A, + 69 genes"
"RCOR2"	"RCOR2"	135	1.09	0.274	0.617	NA	"TRMO, DLG4, WDR86, GBE1, + 70 genes"
"NOC4L"	"NOC4L"	87	1.09	0.276	0.617	NA	"STRN4, TBCEL, CC2D1A, NR1H2, + 63 genes"
"EZH2"	"EZH2"	104	1.09	0.276	0.617	NA	"RABL3, CYBRD1, SERPINH1, PRKN, + 57 genes"
"TP73"	"TP73"	31	1.09	0.276	0.617	NA	"DONSON, CSPG5, POLE2, C17orf53, + 14 genes"
"ZNF121"	"ZNF121"	66	1.08	0.281	0.623	NA	"ELAVL1, SAMD1, SYPL1, DCAF15, + 45 genes"
"IRF7"	"IRF7"	111	1.08	0.281	0.623	NA	"ACADSB, WDR31, UNC93B1, IMPACT, + 76 genes"
"ZGLP1"	"ZGLP1"	235	1.06	0.287	0.625	NA	"CPSF1, LBX2, LRP5L, MTPN, + 186 genes"
"PAX9"	"PAX9"	133	1.06	0.287	0.625	NA	"ST3GAL5, TGFA, RYR1, MRC2, + 81 genes"
"ZNF524"	"ZNF524"	248	1.04	0.296	0.639	NA	"STRN4, SNAPC2, INPP5K, SLMAP, + 220 genes"
"ETV7"	"ETV7"	84	1.04	0.301	0.642	NA	"DDB2, PML, NRBP1, APOBEC3H, + 34 genes"
"TFAP4"	"TFAP4"	49	1.03	0.305	0.647	NA	"ZNF213, TRIM65, SLC2A9, ARHGEF37, + 24 genes"
"ZNF628"	"ZNF628"	42	1	0.315	0.66	NA	"SUPT5H, MAP1S, PIP5K1C, FBXL19, + 25 genes"
"ZNF395"	"ZNF395"	102	1	0.317	0.663	NA	"ERBB3, GABRB2, NETO2, RAD18, + 46 genes"
"KDM5B"	"KDM5B"	251	0.99	0.322	0.668	NA	"ALDH2, MBOAT2, XPR1, CUL7, + 152 genes"
"ZNF513"	"ZNF513"	113	0.99	0.322	0.668	NA	"TEAD3, APPL1, SRSF4, SSR1, + 85 genes"
"KLF5"	"KLF5"	103	0.99	0.323	0.668	NA	"ALDH2, TEAD3, TMEM43, WDR86-AS1, + 57 genes"
"HINFP"	"HINFP"	40	0.98	0.326	0.668	NA	"MUS81, PIGK, SLC37A4, RGL2, + 24 genes"
"RFX8"	"RFX8"	65	0.98	0.326	0.668	NA	"VWA1, JAG2, MLLT11, HDAC7, + 25 genes"
"ZNF836"	"ZNF836"	40	0.98	0.327	0.668	NA	"ERBB3, ELP2, NUDCD3, FAM173B, + 17 genes"
"ZNF277"	"ZNF277"	129	0.97	0.332	0.676	NA	"MACC1, TMEM117, BFAR, ENOPH1, + 63 genes"
"ZBTB45"	"ZBTB45"	29	0.95	0.34	0.687	NA	"STK11, PIAS4, ZNF865, ZNF579, + 17 genes"
"ZBTB46"	"ZBTB46"	118	0.94	0.348	0.698	NA	"PLXND1, DOCK6, SHROOM1, HIP1R, + 67 genes"
"WIZ"	"WIZ"	94	0.93	0.352	0.698	NA	"SERPINH1, SCRIB, DBN1, PIP5K1C, + 60 genes"
"SKIL"	"SKIL"	102	0.93	0.352	0.698	NA	"CYP17A1, CBFB, ELK3, MEX3C, + 60 genes"
"TFAP2C"	"TFAP2C"	61	0.93	0.352	0.698	NA	"P2RY6, SERINC5, AHR, SLA, + 33 genes"
"ZNF205"	"ZNF205"	49	0.93	0.353	0.698	NA	"MIER2, CTBP1, CORO1B, DNAJC10, + 38 genes"
"DBP"	"DBP"	55	0.93	0.354	0.698	NA	"LZTS2, TLE4, WBP2, ARHGEF16, + 27 genes"
"NCOR2"	"NCOR2"	131	0.93	0.355	0.698	NA	"EBAG9, SEPT9, AP2A1, ISCA1, + 61 genes"
"ZNF707"	"ZNF707"	25	0.92	0.356	0.698	NA	"SHROOM1, GRIPAP1, SMAD2, COPS7B, + 14 genes"
"DR1"	"DR1"	86	0.92	0.359	0.701	NA	"CSGALNACT2, PPP3CB, ZNF217, C16orf89, + 47 genes"
"ZNF746"	"ZNF746"	67	0.91	0.362	0.704	NA	"AGRN, PTPRU, CHPF2, DSTN, + 37 genes"
"PRRX2"	"PRRX2"	113	0.9	0.37	0.712	NA	"SERPINH1, GNAI2, PDGFA, PLP2, + 62 genes"
"MEIS3"	"MEIS3"	52	0.88	0.38	0.725	NA	"CMTM3, MFAP2, MMP14, CDR2L, + 35 genes"
"E2F2"	"E2F2"	39	0.88	0.381	0.725	NA	"CHAF1B, E2F1, MCM4, CSPG5, + 10 genes"
"TBX19"	"TBX19"	131	0.87	0.382	0.727	NA	"NOD1, FAM111A-DT, OGDH, LMBR1L, + 92 genes"
"RFX1"	"RFX1"	94	0.86	0.388	0.733	NA	"MIER2, PGK1, MAP2K7, MAP1S, + 61 genes"
"LEF1"	"LEF1"	59	0.86	0.393	0.736	NA	"FAM129B, CXCL12, RPS6KA2, SH3KBP1, + 8 genes"
"MTA1"	"MTA1"	60	0.84	0.4	0.741	NA	"TMEM19, TRIP10, GHITM, TMED10, + 38 genes"
"SPI1"	"SPI1"	168	0.84	0.401	0.741	NA	"GNAI2, MVP, ZADH2, APOBEC3H, + 72 genes"
"ERF"	"ERF"	28	0.84	0.402	0.741	NA	"SEMA4C, CSNK1E, CBARP, C11orf95, + 12 genes"
"HMG20B"	"HMG20B"	166	0.84	0.402	0.741	NA	"GNE, APPL1, PEX14, DCAF15, + 139 genes"
"ZNF687"	"ZNF687"	129	0.83	0.405	0.741	NA	"CUL7, C1orf226, CHD4, UPF1, + 76 genes"
"ZNF469"	"ZNF469"	80	0.83	0.405	0.741	NA	"RUNX1, PMEPA1, TUBA1A, PLEKHG2, + 50 genes"
"SOX18"	"SOX18"	50	0.82	0.414	0.743	NA	"VWA1, FJX1, JAG2, PKN3, + 33 genes"
"CREB3"	"CREB3"	156	0.81	0.419	0.748	NA	"TFE3, CERS5, C14orf119, SLC35C2, + 123 genes"
"STAT4"	"STAT4"	149	0.79	0.429	0.757	NA	"ZADH2, C10orf55, LY6E, KCNN4, + 58 genes"
"NFIB"	"NFIB"	76	0.79	0.432	0.76	NA	"METTL7B, TFE3, ITGA7, FAF1, + 26 genes"
"QRICH1"	"QRICH1"	44	0.78	0.436	0.761	NA	"ERLIN1, GGA3, SERTAD2, XPC, + 18 genes"
"SCX"	"SCX"	31	0.77	0.44	0.762	NA	"KIAA1211L, CRACR2B, LMNB2, CNTD2, + 18 genes"
"CEBPB"	"CEBPB"	35	0.76	0.447	0.764	NA	"CDC42EP5, BLOC1S4, PFDN2, CLCC1, + 22 genes"
"SREBF2"	"SREBF2"	121	0.76	0.447	0.764	NA	"SPATS2, FAXC, RAD23B, THOC5, + 23 genes"
"AKNA"	"AKNA"	58	0.76	0.448	0.764	NA	"LASP1, SLC26A7, BCAP29, SH3BP2, + 13 genes"
"GMEB1"	"GMEB1"	37	0.76	0.449	0.764	NA	"BCAP29, SNTA1, ERICD, KDM5B, + 13 genes"
"ZNF682"	"ZNF682"	38	0.75	0.453	0.768	NA	"RTL5, ABCC6, SFTA3, NKX2-1, + 16 genes"
"HEYL"	"HEYL"	74	0.74	0.457	0.769	NA	"LPL, ADRA1B, CDH13, CDR2L, + 56 genes"
"GATA6"	"GATA6"	60	0.74	0.457	0.769	NA	"LPAR5, F11R, PRPSAP1, COX15, + 26 genes"
"ZNF394"	"ZNF394"	110	0.74	0.46	0.771	NA	"NNT, CTBP1, CERS5, RDX, + 87 genes"
"C9orf40"	"C9orf40"	46	0.73	0.464	0.774	NA	"SHMT2, ARPC5L, TBC1D7, ATP6V1G1, + 23 genes"
"ZNF404"	"ZNF404"	42	0.73	0.466	0.775	NA	"SGPP2, RAPGEF3, FANCL, ARHGAP27P1-BPTFP1-KPNA2P3, + 22 genes"
"ZNF71"	"ZNF71"	55	0.72	0.47	0.777	NA	"ZFAND1, LINC00882, ZSCAN2, ZNF48, + 12 genes"
"ZNF792"	"ZNF792"	46	0.72	0.471	0.777	NA	"KNOP1, CBX2, CARD10, SUFU, + 26 genes"
"THAP10"	"THAP10"	95	0.72	0.472	0.777	NA	"RPRD1A, IRAK1, TSPAN3, PPP3CB, + 48 genes"
"OVOL2"	"OVOL2"	31	0.72	0.472	0.777	NA	"SH2D3A, RAB25, ABHD11, TOR1AIP1, + 19 genes"
"DRAP1"	"DRAP1"	104	0.72	0.474	0.777	NA	"APPL1, TSTA3, APPBP2, TAF4B, + 88 genes"
"ZNF69"	"ZNF69"	106	0.72	0.474	0.777	NA	"SEC22C, GALK2, PANK1, GHITM, + 46 genes"
"HLX"	"HLX"	34	0.71	0.479	0.781	NA	"GPR162, PLCB3, CPNE2, ABLIM1, + 21 genes"
"MYBL2"	"MYBL2"	98	0.71	0.48	0.781	NA	"GABRB2, THOC5, FAM69A, P2RX5-TAX1BP3, + 11 genes"
"MYPOP"	"MYPOP"	40	0.71	0.48	0.781	NA	"NUP54, TOR1AIP1, SERINC1, RANBP2, + 23 genes"
"CIC"	"CIC"	63	0.7	0.485	0.781	NA	"PLXNB2, NUCB2, AP2A1, NUP188, + 33 genes"
"ZNF202"	"ZNF202"	38	0.7	0.485	0.781	NA	"LRP5L, FAM111A, CCNI2, TGM1, + 17 genes"
"ZNF83"	"ZNF83"	71	0.7	0.485	0.781	NA	"DONSON, KLHL17, TRIM17, ZNF300, + 48 genes"
"VENTX"	"VENTX"	66	0.68	0.493	0.782	NA	"TMEM167B, SSR1, ANKRD13D, SOD3, + 32 genes"
"ZNF16"	"ZNF16"	128	0.68	0.494	0.782	NA	"RHNO1, FAF1, ANKH, NIFK, + 76 genes"
"ZNF649"	"ZNF649"	35	0.68	0.497	0.783	NA	"EGFR, ITGA9, FZD6, CLPX, + 19 genes"
"OVOL1"	"OVOL1"	38	0.67	0.502	0.788	NA	"GRHL1, PTPRF, MAP3K5, C2CD2, + 16 genes"
"ZSCAN9"	"ZSCAN9"	79	0.67	0.504	0.79	NA	"NXF1, ZSCAN16, GHITM, CDV3, + 53 genes"
"FOXK1"	"FOXK1"	51	0.66	0.509	0.796	NA	"PCDH1, CASTOR2, TPMT, PLBD2, + 21 genes"
"SP110"	"SP110"	85	0.65	0.516	0.801	NA	"IQGAP2, ICAM5, VDAC3, UNC93B1, + 27 genes"
"ZNF668"	"ZNF668"	55	0.64	0.524	0.801	NA	"LMNB2, CSNK1G2, LAMA5, TBC1D10B, + 25 genes"
"ZNF408"	"ZNF408"	144	0.63	0.53	0.808	NA	"FPGS, TBC1D10B, CHUK, ZNF48, + 98 genes"
"ZNF667"	"ZNF667"	69	0.62	0.533	0.81	NA	"ANKS6, GALNT10, POU2F3, CALCOCO1, + 43 genes"
"ZGPAT"	"ZGPAT"	70	0.6	0.546	0.823	NA	"CSNK1G2, FUS, CDK11B, ZNF513, + 33 genes"
"HOXB7"	"HOXB7"	37	0.6	0.548	0.824	NA	"GNAI2, FCER1G, PILRA, PIPOX, + 33 genes"
"E4F1"	"E4F1"	149	0.6	0.549	0.824	NA	"APPL1, SGSH, PNKP, ACY1, + 105 genes"
"ZMYM3"	"ZMYM3"	91	0.59	0.552	0.824	NA	"CUL7, CALCOCO1, MPC1, EPN2, + 46 genes"
"ZNF584"	"ZNF584"	27	0.59	0.556	0.824	NA	"RUFY1, DTD1, SGK1, MECR, + 10 genes"
"ZNF692"	"ZNF692"	136	0.59	0.556	0.824	NA	"SAMD10, ITGB1BP2, SFSWAP, PCGF1, + 81 genes"
"GTF3A"	"GTF3A"	125	0.59	0.557	0.824	NA	"RRS1, ANKS1A, ATP6V1F, TAF12, + 74 genes"
"MXD3"	"MXD3"	93	0.59	0.557	0.824	NA	"SERINC1, TELO2, GPR107, CCNL2, + 60 genes"
"HOXB2"	"HOXB2"	54	0.59	0.558	0.824	NA	"EPB41L4B, PROCR, OAF, C1orf54, + 21 genes"
"BCL6B"	"BCL6B"	80	0.59	0.558	0.824	NA	"SPRY4, SPARC, NOTCH3, ELFN1, + 51 genes"
"ZNF485"	"ZNF485"	31	0.58	0.56	0.825	NA	"UTP14A, GALNT18, MIS18A, SLC27A4, + 5 genes"
"STAT3"	"STAT3"	159	0.58	0.562	0.827	NA	"GALE, NRCAM, SYNPO, AMOT, + 49 genes"
"ZNF282"	"ZNF282"	30	0.57	0.568	0.833	NA	"BLZF1, XYLT2, PLOD3, BTBD2, + 13 genes"
"CAMTA1"	"CAMTA1"	78	0.57	0.57	0.833	NA	"FANK1, SUMO2, NAP1L4, THYN1, + 63 genes"
"POU5F1"	"POU5F1"	26	0.57	0.57	0.833	NA	"ARHGAP27P1-BPTFP1-KPNA2P3, GSDMB, SFSWAP, CCNL2, + 12 genes"
"ARID5B"	"ARID5B"	211	0.57	0.572	0.833	NA	"SCPEP1, MGAT3, CDH6, IWS1, + 93 genes"
"ZNF418"	"ZNF418"	37	0.56	0.573	0.833	NA	"RNF146, GABRE, MAPKAPK5, AFDN-DT, + 22 genes"
"SATB2"	"SATB2"	131	0.56	0.577	0.835	NA	"MAP4, ELK3, CDR2L, NID1, + 39 genes"
"ZNF358"	"ZNF358"	54	0.56	0.577	0.835	NA	"PDIA6, TMED5, EPB41, ZNF579, + 40 genes"
"ZNF296"	"ZNF296"	55	0.55	0.58	0.836	NA	"MUT, YPEL3, YIPF6, SLK, + 17 genes"
"ZNF768"	"ZNF768"	146	0.55	0.583	0.836	NA	"CC2D1A, OLMALINC, TUBG1, PEX14, + 107 genes"
"BACH1"	"BACH1"	108	0.55	0.583	0.836	NA	"RASA1, MEX3C, EDEM1, SERINC5, + 56 genes"
"ZNF224"	"ZNF224"	124	0.55	0.586	0.836	NA	"GTF2H4, FANCL, ARHGAP27P1-BPTFP1-KPNA2P3, GABRE, + 76 genes"
"E2F4"	"E2F4"	53	0.55	0.586	0.836	NA	"ANKRD13D, LRRC58, CDC37, MAP3K2, + 22 genes"
"ZNF195"	"ZNF195"	28	0.54	0.586	0.836	NA	"LGALS8, TAF1D, NDRG1, STK40, + 11 genes"
"USF2"	"USF2"	40	0.54	0.589	0.838	NA	"STK11, TAF15, PTMA, FKBP8, + 28 genes"
"TEAD1"	"TEAD1"	241	0.53	0.593	0.838	NA	"PSD3, AMOT, TANC2, MTAP, + 101 genes"
"TOX2"	"TOX2"	55	0.53	0.595	0.838	NA	"TECTA, ASAH1, FBXO9, C11orf95, + 14 genes"
"ZNF362"	"ZNF362"	118	0.53	0.599	0.838	NA	"INSR, PCGF2, TMCO3, AMD1, + 55 genes"
"ZNF610"	"ZNF610"	33	0.52	0.601	0.838	NA	"RHNO1, IRAK1, ZNF300, SYF2, + 15 genes"
"FOXP3"	"FOXP3"	39	0.52	0.602	0.838	NA	"F8, CHST6, MYD88, LOXL1, + 9 genes"
"FOSL2"	"FOSL2"	59	0.52	0.606	0.839	NA	"BHLHE40, CREB5, MICAL2, MDFIC, + 31 genes"
"HIVEP1"	"HIVEP1"	172	0.51	0.61	0.84	NA	"EPS8, QDPR, IWS1, MED13, + 85 genes"
"ZBTB34"	"ZBTB34"	68	0.51	0.61	0.84	NA	"PLAG1, TET3, LCA5, KDM5B, + 30 genes"
"GATAD2B"	"GATAD2B"	56	0.5	0.616	0.846	NA	"IKZF4, BCL9, NAV1, RIT1, + 26 genes"
"MAFK"	"MAFK"	91	0.49	0.622	0.852	NA	"CALCOCO1, PNPLA2, SSR1, ADAMTS10, + 49 genes"
"ZNF514"	"ZNF514"	50	0.49	0.626	0.856	NA	"FAM111A, LMBR1L, CATSPERG, URAHP, + 28 genes"
"HOXB3"	"HOXB3"	32	0.48	0.63	0.857	NA	"VASH1, CAPN11, MKNK1, ADARB1, + 14 genes"
"KIAA1549"	"KIAA1549"	208	0.48	0.631	0.857	NA	"ETV5, AGRN, PI4K2B, RCN2, + 45 genes"
"FOXM1"	"FOXM1"	88	0.48	0.634	0.857	NA	"PLCD3, CPQ, TP53, PXDN, + 13 genes"
"LYL1"	"LYL1"	115	0.48	0.634	0.857	NA	"GNAI2, C5AR2, NHLRC4, PRMT5, + 56 genes"
"PBX2"	"PBX2"	70	0.47	0.636	0.858	NA	"ICAM5, NUDT17, CCDC120, MFAP2, + 42 genes"
"ZFP69"	"ZFP69"	30	0.47	0.638	0.859	NA	"ZSCAN16, MAFG, WDR75, MBD4, + 26 genes"
"ZNF597"	"ZNF597"	38	0.46	0.642	0.86	NA	"SHE, DMD, TMEM87B, QSOX2, + 17 genes"
"DNAJC2"	"DNAJC2"	89	0.45	0.651	0.866	NA	"SLC24A3, RBM17, DDX27, ZSCAN16, + 48 genes"
"ZNF267"	"ZNF267"	66	0.45	0.655	0.867	NA	"SYPL2, PRXL2A, PELI1, LINC01184, + 24 genes"
"RFX5"	"RFX5"	39	0.45	0.655	0.867	NA	"PARP9, SETMAR, ANKFY1, STAT1, + 34 genes"
"ZNF335"	"ZNF335"	86	0.44	0.657	0.867	NA	"WDR86, C2orf69, ITGA7, NHLRC4, + 45 genes"
"FOXC2"	"FOXC2"	41	0.44	0.66	0.868	NA	"SYNPO, OXTR, CARD10, NPTX2, + 12 genes"
"ZNF593"	"ZNF593"	128	0.43	0.664	0.868	NA	"SLC22A18, STAG1, REV3L, C19orf53, + 106 genes"
"SFPQ"	"SFPQ"	128	0.43	0.665	0.868	NA	"ALDH6A1, TRIP10, TEX2, DDX27, + 47 genes"
"HEY1"	"HEY1"	46	0.43	0.667	0.868	NA	"CDA, TSPAN3, RNFT2, ENG, + 19 genes"
"ZNF444"	"ZNF444"	150	0.43	0.667	0.868	NA	"PNKP, MIOS, CNKSR1, NPDC1, + 97 genes"
"ZNF512"	"ZNF512"	57	0.42	0.672	0.868	NA	"ZSWIM5, VSTM4, HMGN1, CHUK, + 21 genes"
"ARID5A"	"ARID5A"	147	0.42	0.672	0.868	NA	"TGFB1, EML3, POT1, FRMD8, + 138 genes"
"HDX"	"HDX"	26	0.42	0.673	0.868	NA	"MAP3K1, HIVEP1, UBE2D4, CTBP2, + 11 genes"
"TFEC"	"TFEC"	79	0.42	0.674	0.868	NA	"LACC1, SIGLEC9, PILRA, CASP3, + 75 genes"
"ZNF385A"	"ZNF385A"	43	0.41	0.679	0.872	NA	"NUP54, SP4, SENP2, NT5C2, + 17 genes"
"POU5F1B"	"POU5F1B"	67	0.41	0.683	0.876	NA	"GATA3, ZNF540, TRMT44, CADPS2, + 9 genes"
"ZNF208"	"ZNF208"	28	0.41	0.684	0.876	NA	"TMEM41A, RGL3, SH3D21, SPACA6, + 6 genes"
"TWIST1"	"TWIST1"	58	0.4	0.689	0.879	NA	"SERPINH1, TGFBI, NPTX2, NLGN2, + 26 genes"
"ZNF846"	"ZNF846"	30	0.39	0.696	0.881	NA	"GHITM, CROCC, PLSCR3, CLASRP, + 16 genes"
"SOX17"	"SOX17"	45	0.37	0.708	0.889	NA	"CDA, JAG2, PKN3, TMEM255B, + 13 genes"
"ZBTB12"	"ZBTB12"	53	0.35	0.726	0.897	NA	"PTK7, GK, SLC35F3, NAV1, + 26 genes"
"THAP3"	"THAP3"	228	0.35	0.726	0.897	NA	"COPS7B, SLC37A4, PCGF1, THYN1, + 160 genes"
"ZNF133"	"ZNF133"	61	0.35	0.727	0.897	NA	"TMED5, ZNF7, KAT2A, ZSCAN9, + 42 genes"
"ZNF787"	"ZNF787"	70	0.35	0.729	0.897	NA	"ZNF579, HMG20B, SART1, ZNF205, + 49 genes"
"ZNF266"	"ZNF266"	40	0.34	0.732	0.898	NA	"LMBR1L, MTMR9LP, TIA1, ANKZF1, + 19 genes"
"ZNF771"	"ZNF771"	28	0.34	0.732	0.898	NA	"ZNF579, EVA1B, PRR7, C4orf48, + 18 genes"
"PRDM15"	"PRDM15"	92	0.34	0.733	0.898	NA	"FBXO8, SH3BP2, STAT2, ACAT1, + 36 genes"
"MXD4"	"MXD4"	74	0.33	0.739	0.903	NA	"ST6GALNAC6, HDAC7, ZBTB46, PLPPR2, + 28 genes"
"PHB"	"PHB"	318	0.33	0.74	0.903	NA	"RDH5, SRP68, APEX1, SIKE1, + 173 genes"
"TBX15"	"TBX15"	27	0.33	0.742	0.903	NA	"KRT86, CSPG4, LOXL2, COL4A1, + 11 genes"
"ZNF837"	"ZNF837"	42	0.33	0.745	0.903	NA	"ZNF865, ZNF579, MRPL38, ZNF205, + 19 genes"
"RBPJ"	"RBPJ"	64	0.32	0.746	0.903	NA	"ACTR2, MAN2C1, STYX, PANK4, + 17 genes"
"ZNF532"	"ZNF532"	145	0.32	0.747	0.903	NA	"RBMS2, VDAC3, RASA1, ZNF217, + 65 genes"
"ZNF747"	"ZNF747"	116	0.32	0.748	0.903	NA	"SPAG9, HARS, RTL8A, RETREG3, + 64 genes"
"SMARCE1"	"SMARCE1"	74	0.32	0.749	0.903	NA	"RAB29, IKBIP, MAN1C1, CDK2AP1, + 20 genes"
"TOE1"	"TOE1"	79	0.31	0.754	0.903	NA	"KIAA2013, CRTC1, ANKIB1, DARS2, + 29 genes"
"ETS1"	"ETS1"	84	0.31	0.755	0.903	NA	"SPARC, RAPGEF5, FRMD8, KBTBD2, + 29 genes"
"ZNF174"	"ZNF174"	65	0.31	0.758	0.903	NA	"ACP6, SLC37A4, ZNF48, DHRSX, + 25 genes"
"ZNFX1"	"ZNFX1"	124	0.3	0.764	0.909	NA	"PARP14, CDCP1, ELF4, SUCLG1, + 115 genes"
"MESP1"	"MESP1"	61	0.29	0.77	0.911	NA	"HDAC8, SMARCD3, RHPN1, HMG20B, + 37 genes"
"ZNF274"	"ZNF274"	45	0.29	0.772	0.913	NA	"CALCOCO1, DAPK2, GPR27, CLIP4, + 12 genes"
"E2F3"	"E2F3"	55	0.29	0.775	0.915	NA	"EFR3A, FAM222B, SMURF2, TANC1, + 8 genes"
"ZBTB17"	"ZBTB17"	66	0.28	0.78	0.918	NA	"IBTK, CLCN3, AGPS, RBM10, + 38 genes"
"BATF"	"BATF"	111	0.28	0.78	0.918	NA	"C3, SPATA6, IL10RB-DT, MYO1G, + 101 genes"
"ZNF841"	"ZNF841"	26	0.27	0.786	0.92	NA	"ZNF207, ZNF418, CELSR3, LENG8-AS1, + 11 genes"
"IRF1"	"IRF1"	89	0.27	0.788	0.92	NA	"BCL3, GBP2, CSF1, DLX3, + 84 genes"
"ZNF777"	"ZNF777"	34	0.27	0.789	0.92	NA	"UPF1, HNRNPUL1, ZNF598, ZNF687, + 11 genes"
"ZNF276"	"ZNF276"	123	0.27	0.79	0.92	NA	"LMBR1L, ARHGAP27P1-BPTFP1-KPNA2P3, GSDMB, VPS9D1-AS1, + 50 genes"
"DEAF1"	"DEAF1"	106	0.26	0.793	0.92	NA	"SLC35C2, NCK2, SLC16A7, INTS11, + 55 genes"
"ZNF726"	"ZNF726"	37	0.26	0.796	0.92	NA	"HELLS, ATF5, CHAF1A, CENPU, + 15 genes"
"ZNF576"	"ZNF576"	158	0.26	0.797	0.92	NA	"SDF2, CHCHD7, P4HTM, MECR, + 111 genes"
"ZBTB43"	"ZBTB43"	74	0.25	0.8	0.92	NA	"NUP188, ZNF217, ZNF431, SPRED2, + 26 genes"
"ZNF143"	"ZNF143"	66	0.25	0.8	0.92	NA	"MEX3C, ITGB8, MMP15, ZNF430, + 21 genes"
"CXXC1"	"CXXC1"	118	0.25	0.805	0.922	NA	"ZMPSTE24, ABTB1, HYI, ABCD4, + 65 genes"
"SNAI3"	"SNAI3"	122	0.24	0.808	0.923	NA	"GHRL, COTL1, GZMA, NKG7, + 48 genes"
"FIZ1"	"FIZ1"	104	0.24	0.813	0.927	NA	"NNT, HARS, TMX1, RETREG3, + 56 genes"
"ZMYM5"	"ZMYM5"	61	0.23	0.817	0.929	NA	"ALDH4A1, IRAK1, ADAMTS9-AS2, CSRNP2, + 24 genes"
"KMT2B"	"KMT2B"	91	0.23	0.817	0.929	NA	"PLEKHM1P1, NUMBL, ACIN1, SCFD1, + 37 genes"
"ZNF251"	"ZNF251"	87	0.23	0.82	0.929	NA	"RGL3, ZNF300, AFDN-DT, LDB1, + 46 genes"
"NOC3L"	"NOC3L"	81	0.23	0.821	0.929	NA	"CEP83, JCAD, IQGAP1, SPRED2, + 73 genes"
"SATB1"	"SATB1"	77	0.22	0.823	0.929	NA	"CALCOCO1, IKZF4, ARMCX2, IKZF2, + 34 genes"
"ZNF653"	"ZNF653"	52	0.22	0.823	0.929	NA	"TMEM225B, LINC01578, EPB41, XPOT, + 26 genes"
"ZNF700"	"ZNF700"	38	0.21	0.83	0.934	NA	"OGT, RBM5, MSH5, GNRH1, + 34 genes"
"BNC2"	"BNC2"	141	0.21	0.832	0.935	NA	"RUNX2, COL8A2, MMP14, ITGB5, + 56 genes"
"PATZ1"	"PATZ1"	89	0.21	0.834	0.935	NA	"BCRP3, SMARCB1, TMCO6, ABLIM3, + 41 genes"
"PLEK"	"PLEK"	115	0.21	0.835	0.935	NA	"GNB4, ASPM, BTN2A2, CTSZ, + 64 genes"
"SMARCC2"	"SMARCC2"	140	0.21	0.836	0.935	NA	"CALCOCO1, PIAS3, SRGAP3, RAI1, + 44 genes"
"ZNF75D"	"ZNF75D"	60	0.2	0.844	0.941	NA	"ZSWIM5, NAT8L, LRRK2, VSTM4, + 19 genes"
"SOX12"	"SOX12"	86	0.19	0.846	0.941	NA	"PLPPR2, CBX4, STX7, FUT1, + 48 genes"
"ZNF785"	"ZNF785"	26	0.19	0.851	0.944	NA	"KDM1A, SDCBP, ZNF7, EIF3J-DT, + 12 genes"
"SP140L"	"SP140L"	41	0.18	0.854	0.944	NA	"SETD3, TMEM38B, POMGNT2, STRAP, + 37 genes"
"GLI2"	"GLI2"	130	0.18	0.855	0.944	NA	"RUNX2, PLEKHA6, KCTD17, ITGB8, + 46 genes"
"ZNF623"	"ZNF623"	47	0.18	0.856	0.944	NA	"QSER1, LATS1, ADNP, RNF169, + 8 genes"
"HOPX"	"HOPX"	28	0.18	0.86	0.946	NA	"CHMP5, FAM210B, MAP1LC3B, ZNF557, + 24 genes"
"ZNF516"	"ZNF516"	61	0.17	0.861	0.946	NA	"SLC39A11, ARNTL, ADAMTS9-AS2, KDM5B, + 22 genes"
"LHX6"	"LHX6"	51	0.17	0.867	0.948	NA	"PKN3, PDGFB, MCAM, TMC7, + 16 genes"
"REST"	"REST"	66	0.16	0.871	0.948	NA	"PDE5A, TMCC1, GSTK1, RYK, + 27 genes"
"TBX2"	"TBX2"	115	0.16	0.873	0.948	NA	"VWA1, JAG2, TMEM255B, ZBTB46, + 14 genes"
"SIX4"	"SIX4"	84	0.15	0.877	0.948	NA	"PITHD1, DNASE2, FAT1, CSNK1G3, + 23 genes"
"ZNF414"	"ZNF414"	51	0.15	0.878	0.948	NA	"RNF126, AGPS, E4F1, TMEM259, + 26 genes"
"SMAD3"	"SMAD3"	158	0.15	0.879	0.948	NA	"CLEC16A, PTPRF, BCL7A, RAI2, + 58 genes"
"DMAP1"	"DMAP1"	164	0.14	0.888	0.953	NA	"ESYT2, TMEM39B, TMEM225B, IP6K2, + 87 genes"
"ZNF28"	"ZNF28"	111	0.14	0.892	0.953	NA	"RPRD1A, DAG1, ADSS, ZNF714, + 107 genes"
"TEF"	"TEF"	26	0.13	0.895	0.953	NA	"KIAA1522, NR1D1, GTPBP1, SF3B2, + 6 genes"
"NCOA2"	"NCOA2"	104	0.13	0.899	0.955	NA	"RASA1, EFR3A, NHSL2, ANKFY1, + 99 genes"
"ZNF446"	"ZNF446"	91	0.12	0.903	0.956	NA	"INTS11, EHMT2, SEC22B, RNPS1, + 49 genes"
"ZNF600"	"ZNF600"	41	0.11	0.909	0.96	NA	"TMED1, ADGRL1, TBX21, CALM3, + 14 genes"
"THAP7"	"THAP7"	115	0.11	0.915	0.963	NA	"EIF3D, LINC01637, ELOF1, TOMM40, + 59 genes"
"ZNF577"	"ZNF577"	62	0.1	0.921	0.965	NA	"NDUFAF6, RGL3, MTMR9LP, NIPSNAP3B, + 26 genes"
"ARNT2"	"ARNT2"	100	0.1	0.921	0.965	NA	"TUSC3, PRR15L, ATP11A, FREM2, + 35 genes"
"BOLA1"	"BOLA1"	158	0.1	0.921	0.965	NA	"NAA15, ING4, ENTPD7, NIT1, + 77 genes"
"ELK4"	"ELK4"	241	0.1	0.923	0.965	NA	"ANAPC15, CXorf40B, SKIL, AMZ2, + 233 genes"
"ZNF511"	"ZNF511"	173	0.09	0.926	0.967	NA	"NDUFA4L2, PRMT1, HMG20B, ZNF793-AS1, + 98 genes"
"ATF4"	"ATF4"	113	0.09	0.928	0.967	NA	"GBF1, ATXN10, GCAT, SLFN12, + 15 genes"
"ZFPM1"	"ZFPM1"	33	0.09	0.929	0.967	NA	"ZNF236-DT, TLNRD1, KLC1, FBRSL1, + 28 genes"
"DNMT3A"	"DNMT3A"	58	0.08	0.934	0.969	NA	"HDAC7, HSPA9, BMF, LAMTOR3, + 19 genes"
"SMARCC1"	"SMARCC1"	149	0.08	0.936	0.969	NA	"DOCK9, ELP2, NUDCD3, DAG1, + 145 genes"
"TFEB"	"TFEB"	88	0.08	0.938	0.97	NA	"SUGP1, WRN, LONRF1, ALS2, + 83 genes"
"JUND"	"JUND"	50	0.07	0.944	0.974	NA	"FAN1, UQCRC2, C1orf109, LINC01578, + 18 genes"
"FLI1"	"FLI1"	72	0.07	0.946	0.975	NA	"RASAL3, HVCN1, NCKAP1L, MPEG1, + 30 genes"
"POU2F2"	"POU2F2"	81	0.06	0.948	0.977	NA	"EVL, LILRA1, IGLV1-51, PPARGC1B, + 56 genes"
"UBP1"	"UBP1"	38	0.06	0.953	0.979	NA	"ZNF710, MAML3, MERTK, MTSS1, SLFN12"
"SNAPC4"	"SNAPC4"	103	0.06	0.954	0.979	NA	"EML3, CRTC1, CROCC, EXD3, + 52 genes"
"IRF2"	"IRF2"	55	0.05	0.956	0.979	NA	"NCAPD2, LILRB1, MARCH1, IL18BP, + 33 genes"
"BATF2"	"BATF2"	42	0.05	0.956	0.979	NA	"IRF2, TAP2, FKBP15, BAK1, + 23 genes"
"ZNF683"	"ZNF683"	34	0.05	0.959	0.981	NA	"CXCL10, ADGRG5, CIITA, FCGR1B, + 19 genes"
"ZNF662"	"ZNF662"	47	0.04	0.964	0.984	NA	"SH3D21, BMF, ACIN1, SUPT7L, + 18 genes"
"CREB3L1"	"CREB3L1"	71	0.04	0.968	0.987	NA	"CTSV, FHL2, ST8SIA1, BST1, + 10 genes"
"GON4L"	"GON4L"	86	0.03	0.98	0.991	NA	"KDM5B, CKLF-CMTM1, BACE1, QRICH1, + 81 genes"
"ZNF592"	"ZNF592"	104	0.02	0.985	0.992	NA	"NUP188, ZDHHC5, GTPBP1, FAM104B, + 100 genes"
"EBF1"	"EBF1"	45	0.02	0.986	0.992	NA	"APLNR, NEURL1B, KLRG2, TEAD2, + 39 genes"
"IRF4"	"IRF4"	49	0.01	0.988	0.992	NA	"JCHAIN, IL10RA, PCED1B-AS1, FAM66C, + 27 genes"
"SP1"	"SP1"	58	0.01	0.989	0.992	NA	"UBAP2L, ZMYND8, ZNF532, ARPIN, + 54 genes"
"STAT5B"	"STAT5B"	37	0	0.997	0.999	NA	"ATP11A, KIF13B, MLLT6, C3orf14, + 33 genes"
"RFX2"	"RFX2"	38	0	0.998	0.999	NA	"XKR6, NUMBL, LMNA, ABHD4, + 15 genes"
"ZNF496"	"ZNF496"	48	0	0.999	0.999	NA	"PSMD14, SRP14, PCDH7, CHST11, + 5 genes"
"ZNF320"	"ZNF320"	33	-0.02	0.987	0.992	NA	"POLR3GL, RTF2, AGO4, CPLANE1, + 29 genes"
"CERS6"	"CERS6"	35	-0.02	0.986	0.992	NA	"MUC15, ACACA, CREB3L4, ENTPD5, + 12 genes"
"ZBTB48"	"ZBTB48"	56	-0.02	0.984	0.992	NA	"PHKG2, SNRNP70, CDAN1, PTBP3, + 27 genes"
"THAP4"	"THAP4"	101	-0.02	0.98	0.991	NA	"LTN1, XAB2, CASP8AP2, RFNG, + 96 genes"
"MIS18BP1"	"MIS18BP1"	87	-0.03	0.979	0.991	NA	"NUP107, RACGAP1, DHRS7B, SENP1, + 44 genes"
"DMTF1"	"DMTF1"	107	-0.03	0.976	0.99	NA	"SFSWAP, DDX47, MEMO1, SUPT7L, + 43 genes"
"E2F6"	"E2F6"	64	-0.03	0.975	0.99	NA	"PLAG1, BCL7A, GPR27, C11orf95, + 19 genes"
"FOXP1"	"FOXP1"	94	-0.03	0.972	0.989	NA	"RAB29, VSTM4, ABHD5, RRAGD, + 28 genes"
"MITF"	"MITF"	46	-0.04	0.972	0.989	NA	"MEGF9, DDAH1, DCDC2, IKZF2"
"MAF"	"MAF"	32	-0.05	0.964	0.984	NA	"RAB30, C3orf58, SLC30A2, KCNAB1, + 3 genes"
"KDM5C"	"KDM5C"	54	-0.06	0.952	0.979	NA	"DOCK6, VDAC3, CSNK1D, ESD, + 22 genes"
"POGZ"	"POGZ"	54	-0.08	0.937	0.97	NA	"CARD14, MLLT6, ZNF418, TPT1-AS1, + 19 genes"
"AEBP2"	"AEBP2"	61	-0.08	0.933	0.969	NA	"CHKB-DT, KLHL15, TRIM23, SPOPL, + 11 genes"
"NR2C2"	"NR2C2"	43	-0.09	0.931	0.968	NA	"USP15, HERC4, DCTN3, UBE2Q2P1, + 38 genes"
"MEF2B"	"MEF2B"	61	-0.09	0.93	0.967	NA	"LAT, CCDC88B, CCDC200, PIF1, + 37 genes"
"ZNF646"	"ZNF646"	32	-0.09	0.926	0.967	NA	"CAD, DHX37, MORC2, MOCS2, + 28 genes"
"HOXB4"	"HOXB4"	25	-0.1	0.917	0.964	NA	"CARD8-AS1, CST7, DOK3, SNAI2, + 11 genes"
"IKZF1"	"IKZF1"	204	-0.11	0.913	0.962	NA	"IGHG3, CRYBG1, IGHG1, KNL1, + 154 genes"
"NFIX"	"NFIX"	57	-0.11	0.911	0.961	NA	"SLC2A13, NAT8L, VSTM4, ANKH, + 8 genes"
"CREBZF"	"CREBZF"	56	-0.12	0.908	0.96	NA	"MAP3K14-AS1, SNRNP70, TUBGCP6, KHDC4, + 51 genes"
"GATA2"	"GATA2"	32	-0.12	0.903	0.956	NA	"RPS27, WDR70, ZNF799, CACNB2, + 12 genes"
"ZC3H3"	"ZC3H3"	26	-0.12	0.901	0.956	NA	"SLC25A1, DCAF6, MRPL33, TRAPPC12, + 6 genes"
"TBX21"	"TBX21"	84	-0.13	0.898	0.955	NA	"PIF1, GBP4, IL18BP, ANXA2R, + 60 genes"
"ARID4B"	"ARID4B"	46	-0.13	0.895	0.953	NA	"KDM5B, KIF3A, BAZ2B, PWWP2A, + 42 genes"
"ZBED4"	"ZBED4"	90	-0.13	0.895	0.953	NA	"AP1B1, DNAJB2, SPAG7, TCEAL4, + 39 genes"
"FOXN2"	"FOXN2"	60	-0.13	0.895	0.953	NA	"GPKOW, RP2, TCF25, FBL, + 30 genes"
"REL"	"REL"	151	-0.13	0.894	0.953	NA	"SDHAF1, MED14, SLC25A6, CFLAR, + 85 genes"
"YBX1"	"YBX1"	50	-0.14	0.89	0.953	NA	"ITGB3, NDUFS2, NDUFB5, EIF2A, + 16 genes"
"ZNF324B"	"ZNF324B"	57	-0.14	0.889	0.953	NA	"ZNF526, ZNF740, ZNF398, ZNF324, + 16 genes"
"RUNX3"	"RUNX3"	96	-0.14	0.888	0.953	NA	"CERKL, ANK1, TRAF1, COTL1, + 72 genes"
"ATF1"	"ATF1"	66	-0.14	0.885	0.953	NA	"MFSD14A, FAM91A1, ZBTB11, SEPT10, + 22 genes"
"PBX1"	"PBX1"	70	-0.15	0.877	0.948	NA	"ARMCX2, ARMCX3, JCAD, MDS2, + 66 genes"
"ZBTB11"	"ZBTB11"	118	-0.16	0.875	0.948	NA	"FKBP2, CCS, FAM3A, VPS13C, + 66 genes"
"MSC"	"MSC"	97	-0.16	0.875	0.948	NA	"QPRT, OXER1, ANK1, SNX20, + 53 genes"
"LCOR"	"LCOR"	44	-0.16	0.873	0.948	NA	"TET2, RPL41, TRIM33, RFX3, + 16 genes"
"SOX13"	"SOX13"	47	-0.16	0.872	0.948	NA	"PKN3, ADAMTS10, SLC44A2, ARAP3, + 5 genes"
"ZBTB32"	"ZBTB32"	36	-0.16	0.871	0.948	NA	"GPSM3, CCNF, RASAL3, DOK3, + 23 genes"
"E2F5"	"E2F5"	28	-0.16	0.871	0.948	NA	"INTS1, RCOR3, RAI14, ZNF700, + 8 genes"
"ZNF691"	"ZNF691"	75	-0.17	0.868	0.948	NA	"SLC25A21-AS1, ABCF3, ZNF284, FOSL2, + 23 genes"
"ZNF32"	"ZNF32"	224	-0.17	0.866	0.948	NA	"FUNDC1, RUVBL2, SUPT4H1, PPIE, + 218 genes"
"FOXN3"	"FOXN3"	135	-0.18	0.859	0.946	NA	"RACGAP1, ELP6, ECI1, TMEM59, + 79 genes"
"NFIC"	"NFIC"	43	-0.18	0.856	0.944	NA	"PIP5K1C, PACS1, SCARNA9, GOLT1B, + 39 genes"
"CDC5L"	"CDC5L"	104	-0.18	0.856	0.944	NA	"HNRNPR, SSX2IP, SREK1IP1, PAXX, + 47 genes"
"FOXJ2"	"FOXJ2"	28	-0.19	0.852	0.944	NA	"UQCR11, RAB5IF, KDM3B, LAMTOR4, + 14 genes"
"MZF1"	"MZF1"	84	-0.19	0.845	0.941	NA	"STAG3L5P-PVRIG2P-PILRB, XRCC3, CCDC130, CCDC189, + 71 genes"
"UNKL"	"UNKL"	78	-0.2	0.841	0.939	NA	"HYDIN2, LDB1, FH, SEMA4G, + 74 genes"
"ZNF526"	"ZNF526"	58	-0.2	0.839	0.938	NA	"MICU2, CEP250, ZNF398, HOMEZ, + 19 genes"
"NFKB1"	"NFKB1"	75	-0.22	0.829	0.933	NA	"NAA60, DHRS7B, HSD17B1, C4orf3, + 44 genes"
"IRF8"	"IRF8"	73	-0.22	0.825	0.93	NA	"SDS, ARL4C, BIRC3, STK17B, + 48 genes"
"HIC1"	"HIC1"	48	-0.23	0.822	0.929	NA	"CNRIP1, MIR497HG, EEPD1, RAB18, + 11 genes"
"PRDM4"	"PRDM4"	25	-0.23	0.82	0.929	NA	"NUP205, NDUFS6, EIF3A, DECR1, + 13 genes"
"ZNF19"	"ZNF19"	42	-0.24	0.81	0.925	NA	"TSPAN11, MAN1A1, SIRT3, FBLN2, + 37 genes"
"ZNF337"	"ZNF337"	39	-0.24	0.807	0.923	NA	"ZNF559-ZNF177, EMC3-AS1, DDX39B, STRADA, + 35 genes"
"ZNF606"	"ZNF606"	42	-0.25	0.802	0.92	NA	"ZNF256, ZNF350, MMP19, ZNF302, + 13 genes"
"LMO2"	"LMO2"	72	-0.25	0.801	0.92	NA	"HMGXB4, ZNF799, SYDE1, SPNS2, + 26 genes"
"KMT2A"	"KMT2A"	111	-0.25	0.8	0.92	NA	"CNNM3, COX5A, COX6A1, COX14, + 55 genes"
"ERG"	"ERG"	66	-0.26	0.799	0.92	NA	"RFLNB, RASGRP3, EEPD1, SPARCL1, + 21 genes"
"UBTF"	"UBTF"	72	-0.26	0.797	0.92	NA	"TMEM37, DRC3, RRM2B, ABHD3, + 17 genes"
"ZFP91"	"ZFP91"	197	-0.26	0.796	0.92	NA	"ARPP19, AAAS, PDZD8, UHRF1BP1, + 84 genes"
"ZNF517"	"ZNF517"	43	-0.26	0.795	0.92	NA	"ZNF19, RASSF3, MORN1, SLC25A21-AS1, + 12 genes"
"MYBL1"	"MYBL1"	59	-0.27	0.789	0.92	NA	"RACGAP1, PARPBP, NCAPG, WIPF1, + 41 genes"
"ZNF709"	"ZNF709"	51	-0.27	0.788	0.92	NA	"C17orf100, BACE1-AS, SNRNP35, PRKRIP1, + 46 genes"
"NR5A2"	"NR5A2"	25	-0.27	0.784	0.92	NA	"GCNT2, PRDX6, LRRC8C, RASGRP3, + 11 genes"
"ZNF629"	"ZNF629"	118	-0.28	0.778	0.917	NA	"WBP4, SBK1, CABLES2, IL7, + 108 genes"
"NFYA"	"NFYA"	66	-0.29	0.769	0.911	NA	"COX4I1, MRPL54, LAMTOR4, MRPL20, + 45 genes"
"PLAGL2"	"PLAGL2"	68	-0.29	0.769	0.911	NA	"TMEM14C, BCL6, COPE, ATP5MD, + 28 genes"
"DNAJC1"	"DNAJC1"	112	-0.3	0.767	0.911	NA	"BNIP1, FGD1, HID1, APOM, + 28 genes"
"ZBTB39"	"ZBTB39"	26	-0.31	0.757	0.903	NA	"ZNF200, ZNF184, ADNP, ZNF549, + 10 genes"
"JARID2"	"JARID2"	63	-0.31	0.755	0.903	NA	"POLR2C, PRDX6, CEP135, LRRK1, + 27 genes"
"ZNF500"	"ZNF500"	48	-0.31	0.754	0.903	NA	"TTC23, POMT2, YWHAZ, DCAF13, + 13 genes"
"TFAP2A"	"TFAP2A"	67	-0.32	0.752	0.903	NA	"RPN2, MITF, COL27A1, BRD1, + 18 genes"
"ZNF284"	"ZNF284"	26	-0.32	0.751	0.903	NA	"GDPGP1, NEDD9, ZNF773, SLC39A6, + 9 genes"
"MYC"	"MYC"	38	-0.32	0.75	0.903	NA	"ARL4C, CSF2RB, SPRY2, GLIPR1, + 14 genes"
"KLF6"	"KLF6"	49	-0.32	0.746	0.903	NA	"VMP1, CH25H, CXCL2, SERPINE1, + 45 genes"
"POU6F1"	"POU6F1"	51	-0.33	0.743	0.903	NA	"PSMA6, ZNF213-AS1, TNS2, ANAPC2, + 20 genes"
"PPARD"	"PPARD"	66	-0.33	0.738	0.902	NA	"FOXP4, KCNK5, PIP5K1C, ABCC6, + 15 genes"
"BCL6"	"BCL6"	67	-0.34	0.734	0.899	NA	"GABRB2, PAPLN, COL8A2, SEL1L3, + 11 genes"
"SSRP1"	"SSRP1"	120	-0.35	0.729	0.897	NA	"SNHG16, TOMM20, ATP6V0D1, NFKBIZ, + 49 genes"
"KLF7"	"KLF7"	130	-0.35	0.728	0.897	NA	"TET2, RSAD1, SORBS1, TACO1, + 75 genes"
"PCBP1"	"PCBP1"	99	-0.35	0.725	0.897	NA	"SMG6, ZNF502, ZNF224, ATP5F1D, + 59 genes"
"ZBTB38"	"ZBTB38"	102	-0.36	0.721	0.897	NA	"BORCS8, NAA60, ZFAND2B, TOP1MT, + 75 genes"
"ZBED2"	"ZBED2"	89	-0.36	0.72	0.896	NA	"COL27A1, THADA, PDE7A, TENM4, + 24 genes"
"ZNF563"	"ZNF563"	122	-0.36	0.719	0.896	NA	"TTC19, ARID5B, PDP2, PDZD2, + 43 genes"
"KDM5A"	"KDM5A"	160	-0.36	0.717	0.895	NA	"PKIG, NAA38, EDF1, GAMT, + 114 genes"
"HSF4"	"HSF4"	62	-0.36	0.716	0.895	NA	"LINC-PINT, FAM206A, CCDC180, HOOK2, + 21 genes"
"RCOR3"	"RCOR3"	72	-0.37	0.715	0.895	NA	"SOX6, MAN2A2, TOMM20, ATG14, + 24 genes"
"BOLA3"	"BOLA3"	179	-0.37	0.714	0.894	NA	"GLRX2, TRAPPC2B, ATAD3C, COX8A, + 85 genes"
"ZNF334"	"ZNF334"	31	-0.37	0.709	0.889	NA	"FAM118B, PTBP2, LRRC34, ZNF192P1, + 4 genes"
"RCOR1"	"RCOR1"	93	-0.38	0.707	0.889	NA	"PRKCI, PSMF1, DPM2, TUSC2, + 62 genes"
"ZNF263"	"ZNF263"	61	-0.38	0.706	0.889	NA	"EXOSC2, MEX3B, VAMP2, TMEM18, + 16 genes"
"HMG20A"	"HMG20A"	94	-0.38	0.706	0.889	NA	"PARGP1, NAA38, GAMT, NDUFA7, + 65 genes"
"ZNF770"	"ZNF770"	244	-0.38	0.703	0.888	NA	"TPRG1L, CUL3, CLIP1, VPS28, + 131 genes"
"ARID4A"	"ARID4A"	89	-0.39	0.695	0.881	NA	"GPI, AURKAIP1, ZCCHC2, ANAPC11, + 45 genes"
"IRF6"	"IRF6"	78	-0.39	0.695	0.881	NA	"PGBD5, MAMDC4, SYT7, CRYGS, + 35 genes"
"NCOR1"	"NCOR1"	26	-0.39	0.695	0.881	NA	"PRRC2B, LRRC37A16P, NF1, SON, + 10 genes"
"FOXC1"	"FOXC1"	75	-0.4	0.693	0.881	NA	"CHRD, MSX1, JAM2, MED28, + 32 genes"
"ZFHX3"	"ZFHX3"	35	-0.4	0.689	0.879	NA	"PGAP1, HLA-DRB1, CCNQ, PLGRKT, + 12 genes"
"VEZF1"	"VEZF1"	54	-0.41	0.685	0.876	NA	"UBQLN1, NDUFA13, ANAPC1, ATP5IF1, + 33 genes"
"HOXA3"	"HOXA3"	27	-0.41	0.685	0.876	NA	"PTH1R, PTGIR, GRIN2D, CNRIP1, + 11 genes"
"FOXO3"	"FOXO3"	51	-0.42	0.676	0.871	NA	"RSF1, C1orf122, KMT2A, EXOSC4, + 23 genes"
"FOXO4"	"FOXO4"	37	-0.42	0.672	0.868	NA	"COLCA1, CNNM3, FAM86B1, HEATR3, + 14 genes"
"ZBTB22"	"ZBTB22"	36	-0.42	0.671	0.868	NA	"HNRNPA0, STAMBPL1, IRF2BP1, ERGIC3, + 32 genes"
"ZNF814"	"ZNF814"	75	-0.42	0.671	0.868	NA	"DLGAP4-AS1, P2RY2, BECN1, DIS3L2, + 20 genes"
"ZNF212"	"ZNF212"	25	-0.43	0.668	0.868	NA	"SH3BP5L, ABHD3, PICALM, TBC1D13, + 6 genes"
"ZNF74"	"ZNF74"	32	-0.43	0.665	0.868	NA	"DUOX2, JOSD1, IPO5P1, FBXO7, + 13 genes"
"ELF1"	"ELF1"	102	-0.43	0.664	0.868	NA	"ATP5F1D, GEMIN7, COMMD9, GPKOW, + 73 genes"
"TCF12"	"TCF12"	222	-0.44	0.664	0.868	NA	"ECI1, NCBP2-AS2, PYURF, PGP, + 170 genes"
"MYSM1"	"MYSM1"	68	-0.44	0.657	0.867	NA	"ZNF354B, MRM2, FUBP1, PSMF1, + 36 genes"
"ZNF449"	"ZNF449"	30	-0.45	0.654	0.867	NA	"ZFYVE28, RPS12, FHAD1, INTS5, + 13 genes"
"MIER1"	"MIER1"	43	-0.45	0.654	0.867	NA	"ARL5B, SSX2IP, RP2, STK38L, + 28 genes"
"HES1"	"HES1"	63	-0.46	0.647	0.862	NA	"RCL1, FAM110B, GLMN, KNSTRN, + 17 genes"
"DDIT3"	"DDIT3"	144	-0.46	0.644	0.86	NA	"GKAP1, BLVRB, NKD1, NQO1, + 61 genes"
"ZFP14"	"ZFP14"	40	-0.46	0.643	0.86	NA	"ZNF772, ZNF624, ZNF223, LRIG2, + 19 genes"
"PBX3"	"PBX3"	126	-0.46	0.643	0.86	NA	"TK2, RGN, DMD, XK, + 18 genes"
"LHX4"	"LHX4"	32	-0.47	0.641	0.86	NA	"ZNF337, RBM33, UVSSA, DNHD1, + 19 genes"
"ZNF226"	"ZNF226"	46	-0.47	0.639	0.859	NA	"GEMIN8, DIAPH1, NUP37, ABHD1, + 17 genes"
"SMARCA5"	"SMARCA5"	79	-0.48	0.634	0.857	NA	"GTF2A1, UQCC3, PPCDC, HAUS2, + 48 genes"
"NFX1"	"NFX1"	37	-0.48	0.634	0.857	NA	"PITPNC1, MLLT10, KIF27, FSCN1, + 18 genes"
"ADNP"	"ADNP"	50	-0.48	0.631	0.857	NA	"NAA38, C19orf70, ZNF146, MRPL27, + 32 genes"
"ZNF554"	"ZNF554"	61	-0.48	0.63	0.857	NA	"RBKS, HPS4, ZNF284, ACVR2B-AS1, + 23 genes"
"ZNF672"	"ZNF672"	41	-0.5	0.617	0.847	NA	"ATP1A2, GMPPA, CAB39, MTMR12, + 19 genes"
"ATF6"	"ATF6"	54	-0.51	0.612	0.842	NA	"CDK5RAP3, COPB1, CYP51A1, SLC30A1, + 33 genes"
"HIVEP2"	"HIVEP2"	67	-0.51	0.609	0.84	NA	"EDF1, MAPKAPK5-AS1, COA3, NPRL2, + 54 genes"
"ARNT"	"ARNT"	27	-0.52	0.606	0.839	NA	"TUBGCP4, TAF1, HIF1AN, HRAS, + 14 genes"
"SKI"	"SKI"	74	-0.52	0.605	0.839	NA	"RPL41P1, COQ3, TACO1, NDUFS3, + 41 genes"
"MEF2D"	"MEF2D"	38	-0.52	0.602	0.838	NA	"RPS13, NIF3L1, TRIM13, RPL30, + 23 genes"
"ZKSCAN4"	"ZKSCAN4"	36	-0.52	0.6	0.838	NA	"HYLS1, ZIK1, ZNF550, ZNF526, + 17 genes"
"NFAT5"	"NFAT5"	257	-0.53	0.599	0.838	NA	"NFYA, PPFIBP1, MYL6, AGO2, + 206 genes"
"RFX7"	"RFX7"	42	-0.53	0.599	0.838	NA	"TCF25, SSSCA1, RIC1, SPAG7, + 35 genes"
"GLI4"	"GLI4"	215	-0.53	0.598	0.838	NA	"MTG2, ROCK1, LMNTD2, ARIH2OS, + 83 genes"
"ZNF580"	"ZNF580"	74	-0.53	0.598	0.838	NA	"SSU72, STAT3, OCEL1, TMPO-AS1, + 27 genes"
"ASCL2"	"ASCL2"	60	-0.53	0.597	0.838	NA	"FCGR1B, NKG7, VAV1, IL12RB1, + 33 genes"
"ZEB2"	"ZEB2"	109	-0.53	0.597	0.838	NA	"CCDC3, BTN2A3P, SELE, TLR1, + 83 genes"
"TAF1"	"TAF1"	146	-0.53	0.596	0.838	NA	"SMG6, HEATR1, BSN, GPS1, + 118 genes"
"RERE"	"RERE"	65	-0.54	0.59	0.838	NA	"STXBP1, SLC25A19, TCF7L2, CD99L2, + 20 genes"
"ZNF720"	"ZNF720"	72	-0.54	0.59	0.838	NA	"BRAF, SUDS3, NXT1, FUBP1, + 48 genes"
"HOMEZ"	"HOMEZ"	31	-0.55	0.584	0.836	NA	"TANGO2, UBAC2-AS1, MRPL30, REEP5, + 12 genes"
"ZBTB41"	"ZBTB41"	86	-0.55	0.582	0.836	NA	"AIDA, OSBPL8, API5, AFF4, + 55 genes"
"NR2C1"	"NR2C1"	33	-0.55	0.581	0.836	NA	"FAM71F2, TTC14, APH1A, TRPC1, + 12 genes"
"LCORL"	"LCORL"	28	-0.56	0.572	0.833	NA	"RBM43, ZNF721, CEP97, CENPQ, + 16 genes"
"ZNF398"	"ZNF398"	40	-0.57	0.57	0.833	NA	"TMEM97, ERF, NOL11, ZNF526, + 19 genes"
"FOXO6"	"FOXO6"	49	-0.57	0.566	0.832	NA	"PLEK2, PPFIA3, CD274, C15orf56, + 15 genes"
"ZNF547"	"ZNF547"	39	-0.59	0.558	0.824	NA	"C6orf163, ADCY10P1, KCTD6, AP4B1, + 8 genes"
"HBP1"	"HBP1"	70	-0.59	0.557	0.824	NA	"MORF4L1P1, UBXN2B, PSMC1, AURKAIP1, + 49 genes"
"ELMSAN1"	"ELMSAN1"	51	-0.6	0.549	0.824	NA	"NFIC, LSM1, CHCHD5, ZNF609, + 38 genes"
"NCOA1"	"NCOA1"	66	-0.61	0.542	0.817	NA	"NDUFA13, ANAPC11, ATP5IF1, UQCRQ, + 46 genes"
"CREB3L4"	"CREB3L4"	58	-0.61	0.541	0.817	NA	"SPATA33, LUZP1, GLT8D1, LINC00638, + 19 genes"
"ZNF384"	"ZNF384"	54	-0.61	0.539	0.816	NA	"FBXL14, NFAT5, HMG20A, ZNF410, + 31 genes"
"ZNF699"	"ZNF699"	156	-0.62	0.534	0.81	NA	"TIMM8B, GNG12-AS1, KMT2A, ZNHIT1, + 130 genes"
"KMT2D"	"KMT2D"	169	-0.62	0.532	0.81	NA	"SZT2, NFU1, LSM1, ZNF646, + 134 genes"
"ZNF169"	"ZNF169"	46	-0.64	0.525	0.802	NA	"ZNF700, CICP14, ZNRD1ASP, ATAD5, + 25 genes"
"ZNF146"	"ZNF146"	111	-0.64	0.523	0.801	NA	"HSPB1P1, ZFR, AUP1, TPR, + 84 genes"
"NCOA3"	"NCOA3"	81	-0.64	0.522	0.801	NA	"PRPF31, PIH1D1, NUDC, NDUFA11, + 68 genes"
"ZNF3"	"ZNF3"	28	-0.64	0.522	0.801	NA	"OSER1, EXOSC2, ZNF773, PARP16, + 9 genes"
"USF3"	"USF3"	116	-0.64	0.522	0.801	NA	"WWC2, UTRN, RLIM, RSF1, + 92 genes"
"ZNF30"	"ZNF30"	36	-0.64	0.522	0.801	NA	"GLMN, KBTBD6, UQCC1, LGALSL, + 8 genes"
"SALL1"	"SALL1"	81	-0.64	0.522	0.801	NA	"CAV2, GALNT11, PYGL, NBL1, + 27 genes"
"MSX1"	"MSX1"	79	-0.65	0.518	0.801	NA	"GRIN2D, CLDN5, IFITM3, MIR497HG, + 34 genes"
"ZNF292"	"ZNF292"	83	-0.65	0.516	0.801	NA	"PTGES2, NFAT5, ZNHIT1, HMOX2, + 61 genes"
"NR4A3"	"NR4A3"	28	-0.65	0.514	0.801	NA	"TSC22D2, NR4A1, MYADM, UBC, + 12 genes"
"ZNF467"	"ZNF467"	60	-0.66	0.511	0.797	NA	"ARHGAP22, AMACR, XRCC4, NAALADL2, + 18 genes"
"ZC3H11A"	"ZC3H11A"	50	-0.66	0.511	0.797	NA	"RPL41P2, CHD9, KARS, KLHL20, + 38 genes"
"MED1"	"MED1"	106	-0.68	0.499	0.785	NA	"NOSIP, C1orf123, HSPB1, DENND4C, + 75 genes"
"ATRX"	"ATRX"	118	-0.68	0.496	0.783	NA	"COMMD9, ARID4A, RNF5, ATP7A, + 105 genes"
"ZNF585A"	"ZNF585A"	40	-0.68	0.495	0.782	NA	"ARID4A, GPLD1, NPNT, MAN2A2, + 26 genes"
"ZNF219"	"ZNF219"	36	-0.69	0.493	0.782	NA	"ZFPM1, ARHGAP39, CFH, FCHSD2, + 19 genes"
"ZNF345"	"ZNF345"	30	-0.69	0.491	0.782	NA	"CEP95, MCM3AP-AS1, TTC14, SEC61A1, + 19 genes"
"RLF"	"RLF"	91	-0.69	0.49	0.782	NA	"SCAMP3, C19orf70, ATAD3A, UHRF2, + 79 genes"
"ZNF281"	"ZNF281"	64	-0.69	0.49	0.782	NA	"MLST8, STARD10, STYX, FIS1, + 43 genes"
"KLF2"	"KLF2"	52	-0.69	0.49	0.782	NA	"SELE, IGFBP7, IL20RB, PCAT19, + 35 genes"
"JDP2"	"JDP2"	30	-0.69	0.488	0.782	NA	"CHAC1, TMEM231, USP10, ZFP36, + 21 genes"
"MAZ"	"MAZ"	90	-0.69	0.488	0.782	NA	"APC2, DHRS13, CIR1, CNDP2, + 49 genes"
"TBX3"	"TBX3"	49	-0.7	0.485	0.781	NA	"ZNF626, ZBED8, FBLIM1, GREB1, + 17 genes"
"THRA"	"THRA"	118	-0.7	0.484	0.781	NA	"PUM3, MOCS1, ITFG2, BRD3OS, + 43 genes"
"GRHL2"	"GRHL2"	44	-0.7	0.481	0.781	NA	"KANSL1L, ZC3H14, UBE4B, PARVB, + 22 genes"
"CSRNP1"	"CSRNP1"	30	-0.71	0.48	0.781	NA	"GADD45B, BUB3, KLF4, EGR3, + 15 genes"
"TSC22D2"	"TSC22D2"	97	-0.72	0.474	0.777	NA	"STK38L, REL, HMGCL, MAPK1IP1L, + 69 genes"
"ZNF10"	"ZNF10"	83	-0.72	0.472	0.777	NA	"CEP95, RIC3, GRB2, CBWD3, + 46 genes"
"ZBTB4"	"ZBTB4"	52	-0.73	0.465	0.774	NA	"STXBP1, SLC25A19, MFN2, RBX1, + 23 genes"
"BBX"	"BBX"	135	-0.73	0.465	0.774	NA	"UBXN2B, NUP98, TTC3P1, MRPL12, + 115 genes"
"ZNF540"	"ZNF540"	73	-0.74	0.46	0.771	NA	"FAM206A, TTC32, ZNF599, PCID2, + 32 genes"
"ZMYM4"	"ZMYM4"	31	-0.74	0.459	0.771	NA	"ZNF426, ANAPC11, ZNF436, UCKL1, + 22 genes"
"ZKSCAN8"	"ZKSCAN8"	52	-0.75	0.454	0.768	NA	"INO80D, ZNF721, ZNF182, BRWD1, + 39 genes"
"ARID2"	"ARID2"	52	-0.75	0.454	0.768	NA	"CHD9, RSF1, NFAT5, PUM1, + 37 genes"
"SKOR1"	"SKOR1"	30	-0.75	0.452	0.768	NA	"VPS35, MORN1, RALA, CLDN5, + 10 genes"
"ZNF460"	"ZNF460"	65	-0.76	0.448	0.764	NA	"NDUFA13, SMG1P3, THAP3, PARG, + 52 genes"
"TERF2"	"TERF2"	50	-0.76	0.446	0.764	NA	"HCN3, KAT14, PJA1, DDX39B, + 27 genes"
"ZNF835"	"ZNF835"	40	-0.76	0.444	0.764	NA	"CSTF1, MMACHC, GDPGP1, HYLS1, + 20 genes"
"PTTG1"	"PTTG1"	72	-0.77	0.443	0.764	NA	"DYNLT1, MSH2, RTN4RL2, GULP1, + 32 genes"
"ZNF789"	"ZNF789"	151	-0.77	0.442	0.764	NA	"VEGFA, SSSCA1-AS1, TMPO-AS1, DRC3, + 64 genes"
"ASH1L"	"ASH1L"	178	-0.77	0.44	0.762	NA	"UBR5, PRRC2B, WWC2, ZNF718, + 150 genes"
"ZNF423"	"ZNF423"	46	-0.77	0.439	0.762	NA	"CCT4, JAM3, EBF2, MDGA1, + 22 genes"
"RFX3"	"RFX3"	36	-0.78	0.437	0.761	NA	"CRTAP, GUCD1, MRPL37, LAMP1, + 15 genes"
"ZNF484"	"ZNF484"	28	-0.78	0.437	0.761	NA	"C1orf122, NFAT5, HMG20A, C19orf24, + 23 genes"
"ZNF655"	"ZNF655"	32	-0.78	0.435	0.761	NA	"IRAK4, LAMTOR2, WDR11, ZSCAN29, + 15 genes"
"ZNF468"	"ZNF468"	37	-0.78	0.432	0.76	NA	"CEP104, VAMP5, DIP2B, CUL4A, + 16 genes"
"CENPT"	"CENPT"	141	-0.79	0.43	0.758	NA	"C17orf67, SDR39U1, FBXO28, L3HYPDH, + 78 genes"
"ZNF599"	"ZNF599"	89	-0.8	0.426	0.755	NA	"SOX2-OT, PARD6G-AS1, METTL21A, LINC-PINT, + 44 genes"
"TSHZ2"	"TSHZ2"	65	-0.8	0.426	0.755	NA	"C14orf132, STK17B, C7orf50, SYNPO2, + 40 genes"
"ZNF793"	"ZNF793"	34	-0.8	0.424	0.753	NA	"NAA16, LINC00641, ZNF471, ZNF397, + 15 genes"
"ZNF142"	"ZNF142"	59	-0.8	0.422	0.751	NA	"CCDC136, NDUFAB1, SLX4, KMT2D, + 35 genes"
"ZFP92"	"ZFP92"	38	-0.81	0.417	0.746	NA	"DAAM2, JAM3, GGT1, EBF2, + 18 genes"
"ZNF407"	"ZNF407"	102	-0.81	0.415	0.744	NA	"TMEM14C, SMIM26, ATP5MD, NIT2, + 76 genes"
"ZNF410"	"ZNF410"	34	-0.82	0.414	0.743	NA	"NFAT5, PHC1, COX6B1, TAF1, + 27 genes"
"ZNF236"	"ZNF236"	105	-0.82	0.414	0.743	NA	"HINT1, HM13, UXT, PCBD1, + 86 genes"
"CTCF"	"CTCF"	62	-0.82	0.414	0.743	NA	"GLE1, PDS5B, TAF1, POLA1, + 47 genes"
"SIX5"	"SIX5"	42	-0.82	0.41	0.742	NA	"GNL3, ILVBL, NGRN, WDR75, + 14 genes"
"EBF2"	"EBF2"	68	-0.82	0.41	0.742	NA	"ATF7, EBF1, PCDHB4, GPN1, + 26 genes"
"ZNF436"	"ZNF436"	40	-0.83	0.409	0.742	NA	"ZNF287, CD274, BRI3, ACVR1B, + 18 genes"
"CSRNP3"	"CSRNP3"	36	-0.83	0.407	0.741	NA	"MARK1, HHATL, TSPAN6, EIF2AK4, + 14 genes"
"NSD2"	"NSD2"	67	-0.83	0.406	0.741	NA	"SLC35B1, PDIK1L, RALGAPA2, ENPP3, + 25 genes"
"ZNF250"	"ZNF250"	34	-0.83	0.406	0.741	NA	"LILRB4, HAVCR2, SNX10, ITGB2, + 20 genes"
"HKR1"	"HKR1"	45	-0.83	0.405	0.741	NA	"ZNF554, PTOV1-AS1, CCDC71L, FAM192A, + 29 genes"
"ZNF229"	"ZNF229"	57	-0.84	0.401	0.741	NA	"WWC2, TAPBP, RSF1, PHF2, + 40 genes"
"ZFP30"	"ZFP30"	30	-0.84	0.399	0.741	NA	"ZNF721, ZNF816, ZFP1, ZNF624, + 24 genes"
"ID1"	"ID1"	77	-0.85	0.398	0.741	NA	"SMIM5, VPS37D, RABAC1, MINOS1, + 50 genes"
"MEF2A"	"MEF2A"	119	-0.85	0.396	0.74	NA	"LRCH1, PDLIM5, FAM207A, LSM7, + 92 genes"
"ETV3"	"ETV3"	51	-0.85	0.393	0.736	NA	"FBXO44, NDUFA13, ANAPC11, PPM1D, + 43 genes"
"ZNF34"	"ZNF34"	36	-0.86	0.392	0.736	NA	"ZNF596, ZNF350, GLS, NABP1, + 16 genes"
"TOX4"	"TOX4"	88	-0.86	0.389	0.734	NA	"UBQLN1, SNHG16, TOMM20, MAP2K5, + 56 genes"
"BCL11B"	"BCL11B"	52	-0.87	0.387	0.732	NA	"CD2, TRAF3IP3, LCK, CD6, + 46 genes"
"RC3H2"	"RC3H2"	78	-0.87	0.386	0.732	NA	"AURKAIP1, NDUFA13, SERF2, NDUFB10, + 69 genes"
"TCF7L2"	"TCF7L2"	117	-0.88	0.379	0.725	NA	"ADSL, SKI, PTBP2, ZNF521, + 39 genes"
"ZNF141"	"ZNF141"	44	-0.88	0.378	0.725	NA	"ZNF236, ARID2, ZNF471, ZNF615, + 31 genes"
"HHEX"	"HHEX"	45	-0.89	0.376	0.722	NA	"PLEK2, TMEM200A, HMGN2, BRD3OS, + 22 genes"
"ARID1A"	"ARID1A"	53	-0.9	0.368	0.71	NA	"ATP5MD, EEF1E1, KMT2D, CEBPB, + 38 genes"
"ZNF415"	"ZNF415"	35	-0.9	0.366	0.707	NA	"NARS, MTA3, CDKN2D, EIF4ENIF1, + 22 genes"
"ZNF81"	"ZNF81"	63	-0.91	0.363	0.704	NA	"KMT2D, TSR3, ARID2, AREL1, + 54 genes"
"ZBED5"	"ZBED5"	45	-0.92	0.36	0.701	NA	"RBM4, ZMYM6, POLG2, PSMD2, + 26 genes"
"TSC22D3"	"TSC22D3"	36	-0.92	0.36	0.701	NA	"JMJD6, HEATR3, MCL1, SMAP2, + 22 genes"
"ZNF18"	"ZNF18"	56	-0.92	0.36	0.701	NA	"ZNF226, SCOC-AS1, WEE2-AS1, ZNF799, + 33 genes"
"GMEB2"	"GMEB2"	60	-0.92	0.355	0.698	NA	"LYRM9, TRAPPC6A, MAGED1, C19orf44, + 17 genes"
"YBX2"	"YBX2"	28	-0.93	0.355	0.698	NA	"C20orf96, TTC34, TBC1D9, ANO7L1, + 6 genes"
"ZNF611"	"ZNF611"	63	-0.93	0.354	0.698	NA	"PITHD1, UROD, WDR83OS, CLNS1A, + 55 genes"
"PRRX1"	"PRRX1"	129	-0.94	0.347	0.697	NA	"MTMR2, NEFH, PDPN, NALCN, + 68 genes"
"ZNF333"	"ZNF333"	42	-0.95	0.343	0.691	NA	"CICP14, ZNF439, ZNRD1ASP, ZNF780B, + 30 genes"
"AHCTF1"	"AHCTF1"	33	-0.95	0.34	0.687	NA	"SEC31A, NF1, DAGLB, MED16, + 24 genes"
"TAL1"	"TAL1"	56	-0.96	0.338	0.685	NA	"SKOR1, GPIHBP1, NR4A1, HMGN2P15, + 29 genes"
"ZNF471"	"ZNF471"	26	-0.98	0.329	0.67	NA	"CCDC171, ZNF780B, ATG14, ZFYVE16, + 14 genes"
"ZNF487"	"ZNF487"	82	-0.98	0.326	0.668	NA	"ZFAND5, CEBPZOS, PPP2CA, CCNB1IP1, + 48 genes"
"YY1"	"YY1"	96	-0.98	0.326	0.668	NA	"RAB31, CBR3-AS1, ITFG2, ABHD10, + 51 genes"
"ZNF253"	"ZNF253"	30	-0.99	0.323	0.668	NA	"ZNF626, ZNF214, ZNF572, ZNF561, + 20 genes"
"ARID3B"	"ARID3B"	75	-0.99	0.322	0.668	NA	"MEF2B, DBH-AS1, ACTR10, DOT1L, + 44 genes"
"CLOCK"	"CLOCK"	77	-1.01	0.312	0.654	NA	"NF1, NCOA6, GGT5, SLC11A2, + 63 genes"
"MLX"	"MLX"	186	-1.01	0.311	0.654	NA	"ORC5, FGD1, HRASLS, MIA2, + 111 genes"
"ADNP2"	"ADNP2"	120	-1.02	0.307	0.648	NA	"PSME2, CIR1, MID2, PSMB3, + 101 genes"
"MTA3"	"MTA3"	115	-1.02	0.306	0.647	NA	"BBS12, IL4R, TEP1, PIFO, + 40 genes"
"THAP11"	"THAP11"	69	-1.03	0.305	0.647	NA	"RABEPK, GLRX5, PAGR1, SPATA33, + 47 genes"
"MBD1"	"MBD1"	35	-1.03	0.305	0.647	NA	"TSPOAP1, SMPD4, GEMIN4, CAPZA1, + 13 genes"
"CREB1"	"CREB1"	44	-1.04	0.301	0.642	NA	"NSMCE1, GADD45GIP1, MRPL43, SLC27A1, + 38 genes"
"ETV2"	"ETV2"	178	-1.04	0.3	0.642	NA	"ASAP2, PDP1, VCL, TATDN2, + 90 genes"
"ZNF154"	"ZNF154"	48	-1.04	0.298	0.64	NA	"BBS1, PRPF38B, PCK2, CHD6, + 29 genes"
"CREBL2"	"CREBL2"	117	-1.05	0.292	0.631	NA	"TTC19, NCKAP5L, MICAL1, TTC13, + 74 genes"
"SOX6"	"SOX6"	111	-1.06	0.289	0.625	NA	"ERMP1, RASEF, MAP7, DOK1, + 68 genes"
"RXRB"	"RXRB"	115	-1.06	0.289	0.625	NA	"CDKL3, OGFOD2, MAP2K5, TRIM52-AS1, + 70 genes"
"ZNF800"	"ZNF800"	71	-1.06	0.288	0.625	NA	"OTUD4, SNX13, TMEM219, MCRIP1, + 58 genes"
"EBF3"	"EBF3"	75	-1.07	0.287	0.625	NA	"SYNPO2, STARD8, SLCO2A1, LMO2, + 55 genes"
"ZNF76"	"ZNF76"	87	-1.07	0.286	0.625	NA	"YY1, RAB31, CBR3-AS1, ARIH2OS, + 49 genes"
"TBX6"	"TBX6"	51	-1.07	0.283	0.623	NA	"ITGA2B, SLC16A1, EFCAB12, ZNF76, + 21 genes"
"CRAMP1"	"CRAMP1"	47	-1.07	0.282	0.623	NA	"DOT1L, ZNF333, COL27A1, WDR59, + 28 genes"
"ZMYM2"	"ZMYM2"	70	-1.08	0.282	0.623	NA	"ZNF254, ZNF141, ZNF236, DCAF5, + 53 genes"
"ZNF616"	"ZNF616"	43	-1.09	0.277	0.617	NA	"ZNF398, CBX5, ZNF561, ZNF197, + 33 genes"
"ZNF225"	"ZNF225"	39	-1.09	0.276	0.617	NA	"ZNF214, ZKSCAN4, ZNF823, ZNF551, + 25 genes"
"ZNF614"	"ZNF614"	44	-1.09	0.275	0.617	NA	"ZNF615, ZNF229, ZNF483, KLHL15, + 28 genes"
"EPAS1"	"EPAS1"	77	-1.09	0.274	0.617	NA	"TSEN54, TIMP3, ARHGEF9, PAQR6, + 31 genes"
"ZBTB1"	"ZBTB1"	42	-1.09	0.274	0.617	NA	"FAU, WDR11, EMC10, VPS13B, + 34 genes"
"SOX15"	"SOX15"	57	-1.09	0.274	0.617	NA	"CS, TGIF2, TEKT2, SLC25A14, + 23 genes"
"ZNF546"	"ZNF546"	59	-1.1	0.273	0.617	NA	"EPM2AIP1, RBM4B, CRBN, HHEX, + 37 genes"
"ZNF140"	"ZNF140"	27	-1.1	0.27	0.617	NA	"RAB2B, ZMYM2, RBBP6, ELF2, + 16 genes"
"ZBED1"	"ZBED1"	76	-1.11	0.267	0.616	NA	"RBBP8NL, EPHB2, RHEB, MED22, + 27 genes"
"ZNF544"	"ZNF544"	32	-1.11	0.266	0.614	NA	"ZNF607, AGBL5, ZNF268, ZNF853, + 13 genes"
"ZNF776"	"ZNF776"	32	-1.11	0.266	0.614	NA	"SENP7, BRD1, SQOR, NBPF12, + 20 genes"
"KAT7"	"KAT7"	95	-1.11	0.265	0.614	NA	"GALNT11, CENPW, VAMP2, LARP1, + 65 genes"
"NFATC2"	"NFATC2"	42	-1.12	0.261	0.608	NA	"EPCAM, TNFAIP3, TMEM241, INSIG1, + 35 genes"
"ZNF12"	"ZNF12"	33	-1.12	0.261	0.608	NA	"ZNF140, ZNF561, ZNF260, ZNF136, + 25 genes"
"ESRRA"	"ESRRA"	180	-1.13	0.257	0.603	NA	"RBPMS2, IDH3A, CISD1, SBF2-AS1, + 102 genes"
"ZNF445"	"ZNF445"	30	-1.14	0.254	0.597	NA	"NDUFAB1, KMT2D, ZFP90, EIF2B3, + 25 genes"
"ZEB1"	"ZEB1"	97	-1.14	0.253	0.597	NA	"P2RY14, EBF2, NFASC, MYH11, + 63 genes"
"ZNF507"	"ZNF507"	26	-1.15	0.25	0.595	NA	"KMT2C, SECISBP2L, SPAG4, CCDC93, + 18 genes"
"ZFP64"	"ZFP64"	84	-1.15	0.248	0.592	NA	"C16orf70, ZDHHC7, RNF31, IARS, + 58 genes"
"TBP"	"TBP"	40	-1.17	0.241	0.582	NA	"EXOSC2, MCEE, ZNF169, ZNF302, + 26 genes"
"ZNF660"	"ZNF660"	28	-1.17	0.241	0.582	NA	"WNK3, TCF7L2, RTCA, PGBD1, + 11 genes"
"ARID1B"	"ARID1B"	67	-1.17	0.24	0.582	NA	"RPS11, RPL27, RPS15A, RPS29, + 58 genes"
"SOX9"	"SOX9"	28	-1.18	0.24	0.582	NA	"MAPK12, ACAD9, RHOBTB2, STON2, + 6 genes"
"PLAGL1"	"PLAGL1"	105	-1.18	0.24	0.582	NA	"DOT1L, RAB5B, PRPF38B, INSIG2, + 70 genes"
"ATF7"	"ATF7"	29	-1.18	0.238	0.582	NA	"ZKSCAN8, NR2F2, RPS28, DTYMK, + 18 genes"
"PPARA"	"PPARA"	80	-1.18	0.237	0.582	NA	"SEC24B, GIGYF2, POLDIP3, INKA1, + 58 genes"
"ZNF619"	"ZNF619"	35	-1.18	0.236	0.582	NA	"CEP63, ZFP64, USP32, DNAJC11, + 26 genes"
"TGIF2"	"TGIF2"	84	-1.19	0.234	0.58	NA	"GLS, RAB18, SMARCAL1, RASGRP1, + 44 genes"
"NFE2"	"NFE2"	101	-1.19	0.233	0.578	NA	"ST3GAL2, PPP1R36, SH3BP5L, COX19, + 55 genes"
"HSF2"	"HSF2"	32	-1.2	0.231	0.578	NA	"ATP6V0A1, CPOX, GPX8, ZNF254, + 25 genes"
"ZNF845"	"ZNF845"	54	-1.2	0.229	0.577	NA	"ZNF468, ZNF669, HIF1AN, NME3, + 49 genes"
"THAP12"	"THAP12"	38	-1.21	0.228	0.577	NA	"HACD2, SLC29A2, BRICD5, ZNHIT6, + 22 genes"
"ZSCAN29"	"ZSCAN29"	25	-1.21	0.227	0.577	NA	"PRDM10, BRWD3, ANKRD26, NBPF12, + 19 genes"
"NRL"	"NRL"	141	-1.21	0.227	0.577	NA	"ALG14, ACYP2, TRIM52-AS1, BCCIP, + 89 genes"
"ZFP41"	"ZFP41"	52	-1.21	0.227	0.577	NA	"MZF1-AS1, GLS, SLC45A4, ERGIC2, + 32 genes"
"ZNF75A"	"ZNF75A"	82	-1.21	0.227	0.577	NA	"PSMD2, ZNF559, CRTAP, LAMP1, + 50 genes"
"MGA"	"MGA"	130	-1.21	0.226	0.577	NA	"SON, NDUFAB1, BRI3, TSR3, + 121 genes"
"THRB"	"THRB"	92	-1.22	0.223	0.577	NA	"KCNQ5, LDLRAD4, KCNE3, FOXP4-AS1, + 59 genes"
"ZFP2"	"ZFP2"	45	-1.23	0.22	0.574	NA	"ZNF285, ZNF354A, CCDC191, ARPC2, + 25 genes"
"ZNF521"	"ZNF521"	34	-1.23	0.219	0.573	NA	"JAM3, TCF7L2, RFTN2, AKR1C3, + 16 genes"
"ZNF354A"	"ZNF354A"	35	-1.23	0.218	0.573	NA	"ZNF18, ZNF182, ZNF77, TBC1D25, + 23 genes"
"MAFG"	"MAFG"	51	-1.24	0.214	0.571	NA	"RALGAPA2, IDH3A, TRAPPC2, MCM3AP, + 27 genes"
"CREBRF"	"CREBRF"	28	-1.25	0.211	0.566	NA	"TMEM245, ZC3H6, SAC3D1, FAM172A, + 19 genes"
"KLF3"	"KLF3"	30	-1.26	0.208	0.56	NA	"PSMB3, TMEM219, AFAP1L2, PSMB4, + 23 genes"
"ZNF354C"	"ZNF354C"	35	-1.27	0.206	0.556	NA	"ZNF740, ZNF615, ZNF229, ZNF445, + 28 genes"
"ZNF35"	"ZNF35"	32	-1.27	0.203	0.552	NA	"TMED6, HNRNPA0, PPP1R26, GNPAT, + 18 genes"
"ZNF775"	"ZNF775"	139	-1.27	0.203	0.552	NA	"PARP16, ZDHHC2, APOM, SHROOM3, + 87 genes"
"NR1H3"	"NR1H3"	140	-1.28	0.201	0.55	NA	"CD79B, PTK2, KCNJ10, ZCCHC14, + 82 genes"
"DNMT3B"	"DNMT3B"	60	-1.28	0.199	0.548	NA	"COL9A3, ARID3B, NUDT6, SELENOT, + 32 genes"
"TRPS1"	"TRPS1"	41	-1.3	0.192	0.534	NA	"NDUFA4, ZNF445, TIMM50, SELENOH, + 28 genes"
"NKX3-1"	"NKX3-1"	30	-1.31	0.191	0.534	NA	"FAM107B, SCUBE2, ZNF174, DNAJB1, + 19 genes"
"FOSB"	"FOSB"	42	-1.32	0.186	0.522	NA	"RHOB, RSPH4A, PPP1R15A, SOCS2, + 25 genes"
"ZC3H15"	"ZC3H15"	98	-1.33	0.184	0.518	NA	"CWC27, C5orf22, HDAC5, RAB9A, + 69 genes"
"ZNF91"	"ZNF91"	45	-1.33	0.183	0.518	NA	"NAA25, ZNF827, ZNF253, ZNF776, + 29 genes"
"ZNF697"	"ZNF697"	48	-1.35	0.178	0.512	NA	"HADHB, GPR157, GPR61, GPR173, + 27 genes"
"TCF4"	"TCF4"	63	-1.36	0.175	0.506	NA	"CCDC50, TGFBR2, MMD, PCDHB4, + 33 genes"
"ZNF41"	"ZNF41"	136	-1.36	0.173	0.503	NA	"PEX16, COMMD4, BCL7C, RPL22L1, + 117 genes"
"ZXDC"	"ZXDC"	66	-1.36	0.173	0.503	NA	"GGT7, NINL, TSC1, LINC00235, + 45 genes"
"CEBPZ"	"CEBPZ"	90	-1.37	0.171	0.499	NA	"MSH6, TOX4, SLU7, SLC2A11, + 62 genes"
"ZNF763"	"ZNF763"	98	-1.37	0.169	0.497	NA	"UBA6-AS1, GVQW2, ZSCAN1, KCTD6, + 62 genes"
"ZNF331"	"ZNF331"	28	-1.39	0.166	0.492	NA	"LETM2, GPRASP1, TMEM67, HARS2, + 13 genes"
"NFYB"	"NFYB"	77	-1.39	0.166	0.492	NA	"LPCAT1, ZNF140, ZDHHC9, PRPF38A, + 35 genes"
"MXI1"	"MXI1"	111	-1.39	0.163	0.489	NA	"FAM206A, NBL1, ENPP5, DOK1, + 68 genes"
"TOX"	"TOX"	74	-1.4	0.162	0.488	NA	"KEL, FNBP1, CLPTM1, ATM, + 54 genes"
"ZNF273"	"ZNF273"	39	-1.4	0.161	0.488	NA	"SGIP1, CATSPERE, CAST, ADSL, + 24 genes"
"ZNF844"	"ZNF844"	29	-1.43	0.154	0.469	NA	"ZNF70, NKAPD1, DYM, RNF175, + 17 genes"
"PRDM2"	"PRDM2"	61	-1.43	0.152	0.464	NA	"CHD6, NDUFS8, SNIP1, ZNF229, + 51 genes"
"KLF13"	"KLF13"	87	-1.44	0.15	0.46	NA	"PSMB3, MFN2, MAST1, ZBTB16, + 77 genes"
"SMAD1"	"SMAD1"	111	-1.45	0.148	0.455	NA	"PSMD13, INAFM1, GTF2I, TMEM219, + 95 genes"
"CREM"	"CREM"	93	-1.46	0.143	0.445	NA	"SRSF3, PTPN23, RHOB, JDP2, + 67 genes"
"ZNF280D"	"ZNF280D"	55	-1.46	0.143	0.445	NA	"DCAF5, ZNF333, SENP7, EIF3B, + 42 genes"
"ZBTB37"	"ZBTB37"	31	-1.47	0.142	0.445	NA	"ZNF736, ZNF445, RPL13A, MTR, + 23 genes"
"SIM2"	"SIM2"	46	-1.48	0.14	0.442	NA	"PLAC9, FAM216A, SREBF2-AS1, CAST, + 26 genes"
"GATAD1"	"GATAD1"	99	-1.48	0.14	0.442	NA	"HOOK2, NSG1, NUDT13, LIAS, + 56 genes"
"ZNF24"	"ZNF24"	43	-1.48	0.139	0.442	NA	"TRIP11, ZNF91, TBCK, UBE3A, + 36 genes"
"SMAD7"	"SMAD7"	45	-1.5	0.135	0.432	NA	"FTH1P16, BDKRB2, FTH1P23, DBI, + 24 genes"
"SRF"	"SRF"	53	-1.51	0.131	0.423	NA	"TWF1, BMP2, AMOTL2, FHL2, + 36 genes"
"RORA"	"RORA"	61	-1.51	0.13	0.423	NA	"LAMTOR2, GSTP1, SLC16A10, TCP11L2, + 48 genes"
"ZNF329"	"ZNF329"	48	-1.52	0.13	0.423	NA	"MTATP6P1, TM9SF1, KHDC4, AGPAT1, + 33 genes"
"FOXF2"	"FOXF2"	34	-1.52	0.129	0.423	NA	"ANKRD29, INSYN1, CPXM2, ATXN2L, + 15 genes"
"ZSCAN32"	"ZSCAN32"	28	-1.53	0.125	0.417	NA	"ZSCAN29, CBFA2T2, PKN1, MIR635, + 20 genes"
"ZNF483"	"ZNF483"	34	-1.54	0.123	0.412	NA	"USP30, CDK20, PMAIP1, C11orf24, + 16 genes"
"ZNF248"	"ZNF248"	62	-1.55	0.122	0.412	NA	"LINC00235, ITGA2B, CCDC191, IFT74, + 38 genes"
"MEF2C"	"MEF2C"	44	-1.55	0.121	0.412	NA	"LRRC8C, P2RY8, SH3BGRL, P2RY2, + 32 genes"
"ZNF708"	"ZNF708"	36	-1.55	0.121	0.412	NA	"ZNF91, ZNF112, ZNF253, ZNF776, + 29 genes"
"ZNF148"	"ZNF148"	71	-1.59	0.113	0.394	NA	"SLC23A2, MBLAC2, HOMER1, C12orf66, + 53 genes"
"KLF9"	"KLF9"	26	-1.59	0.112	0.394	NA	"IRF2BPL, EPAS1, TSC22D3, IMPA1, + 15 genes"
"ZNF618"	"ZNF618"	59	-1.59	0.112	0.393	NA	"ATP6V1E1, RAN, ARHGAP31, INPP5A, + 40 genes"
"THAP1"	"THAP1"	48	-1.6	0.11	0.389	NA	"LCMT2, MRPL42, MRPS22, LZTFL1, + 26 genes"
"TADA2A"	"TADA2A"	83	-1.6	0.109	0.388	NA	"FAM216A, IFT46, RBM4B, ZSCAN1, + 58 genes"
"ZNF189"	"ZNF189"	37	-1.6	0.109	0.388	NA	"LRAT, NCLN, SENP6, RPGR, + 28 genes"
"NFE2L1"	"NFE2L1"	130	-1.61	0.107	0.386	NA	"SLC12A5, PNMA8B, CBLN3, PPIL3, + 90 genes"
"ZKSCAN7"	"ZKSCAN7"	43	-1.61	0.107	0.386	NA	"RAD23A, ZKSCAN7-AS1, EIF3H, EIF2S2, + 24 genes"
"SMAD5"	"SMAD5"	48	-1.61	0.107	0.386	NA	"RPL10A, ZNF827, NHLRC2, PPIP5K2, + 35 genes"
"NFYC"	"NFYC"	108	-1.62	0.105	0.386	NA	"ITGAV, NAMPT, RBBP8NL, TMEM161A, + 63 genes"
"ZNF765"	"ZNF765"	26	-1.62	0.105	0.386	NA	"FBXO2, ZNF260, SMIM1, ZNF525, + 20 genes"
"ZNF131"	"ZNF131"	59	-1.64	0.102	0.378	NA	"AMMECR1L, ATP13A1, CLPTM1L, CHMP6, + 41 genes"
"NFATC1"	"NFATC1"	101	-1.64	0.101	0.378	NA	"MARCH3, PLAC9, THAP10, CASP17P, + 70 genes"
"ZNF644"	"ZNF644"	111	-1.65	0.0985	0.374	NA	"MOB1B, ZNF197, WDFY3, ELF2, + 98 genes"
"ZNF518A"	"ZNF518A"	113	-1.68	0.0929	0.357	NA	"ARHGEF7, MYH3, ZMYM2, ARID3B, + 87 genes"
"MEOX2"	"MEOX2"	72	-1.68	0.0922	0.357	NA	"JAM2, EBF2, LGI4, ZEB2, + 56 genes"
"MTF1"	"MTF1"	79	-1.68	0.0922	0.357	NA	"RPL7AP50, ANKRD52, RPL24, MFAP3, + 65 genes"
"IKZF5"	"IKZF5"	41	-1.69	0.0905	0.353	NA	"ALG10B, ACTR1A, CEP44, ZNF614, + 34 genes"
"ZNF639"	"ZNF639"	56	-1.72	0.0851	0.333	NA	"BBS12, FAM172A, UHRF1, SLC25A22, + 30 genes"
"LRRFIP1"	"LRRFIP1"	86	-1.72	0.085	0.333	NA	"KCNH3, KDF1, ZNF385D, CCDC22, + 61 genes"
"RREB1"	"RREB1"	30	-1.72	0.0849	0.333	NA	"SETD1B, NUDT1, CTNND1, SMKR1, + 23 genes"
"ZNF568"	"ZNF568"	45	-1.72	0.0848	0.333	NA	"FAM161B, FZD3, ZNF585B, ASB7, + 36 genes"
"RBAK"	"RBAK"	32	-1.73	0.0838	0.333	NA	"ZNF605, ZNF343, ZNF776, ZNF594, + 24 genes"
"ZSCAN1"	"ZSCAN1"	123	-1.76	0.0792	0.318	NA	"SPEF1, STAT1, NUDT6, BRWD1-AS2, + 71 genes"
"SP3"	"SP3"	183	-1.76	0.0784	0.317	NA	"NCLN, TFAM, BBX, NSD3, + 158 genes"
"CREB3L2"	"CREB3L2"	183	-1.77	0.0765	0.315	NA	"B3GAT3, ARF4, CAMKK2, COMMD3, + 148 genes"
"FOXJ3"	"FOXJ3"	121	-1.78	0.0746	0.31	NA	"KLHL15, SCO2, SQOR, MIR4435-2HG, + 112 genes"
"HESX1"	"HESX1"	53	-1.81	0.0701	0.295	NA	"TMED6, KIDINS220, ZBED8, TIMMDC1, + 33 genes"
"SLC30A9"	"SLC30A9"	252	-1.83	0.0674	0.285	NA	"CUL4A, SLC35A3, SLC12A5, ZDHHC4, + 191 genes"
"ZNF45"	"ZNF45"	110	-1.83	0.0673	0.285	NA	"MPND, RNF181, EXD2, DNAJC14, + 93 genes"
"TBPL1"	"TBPL1"	93	-1.85	0.0638	0.278	NA	"ZCCHC14, FTH1P12, KRCC1, GNG11, + 64 genes"
"ZNF559"	"ZNF559"	37	-1.89	0.0593	0.261	NA	"PTBP2, PGBD1, TRIT1, ITGA2B, + 30 genes"
"ZBTB26"	"ZBTB26"	78	-1.89	0.0592	0.261	NA	"PFN1, SRM, MAPKAPK2, NOL8, + 61 genes"
"ZNF853"	"ZNF853"	102	-1.89	0.0585	0.26	NA	"ZNF398, ZNF324, RIMS3, MBD4, + 63 genes"
"RORC"	"RORC"	43	-1.89	0.0582	0.26	NA	"LDLR, LIAS, TMCO4, ZBED8, + 36 genes"
"ZNF512B"	"ZNF512B"	103	-1.9	0.0572	0.258	NA	"ZNF324, POLR3E, CCDC142, EIF3E, + 73 genes"
"SALL2"	"SALL2"	118	-1.9	0.0569	0.257	NA	"CBFA2T2, SDAD1P1, DHX40, CFAP57, + 81 genes"
"NR3C2"	"NR3C2"	56	-1.91	0.0561	0.256	NA	"EVC2, LRAT, MBTPS1, RBL2, + 32 genes"
"JAZF1"	"JAZF1"	62	-1.92	0.0549	0.252	NA	"HIBADH, EPS8L2, MOCS2, MRPL42, + 35 genes"
"ZBTB47"	"ZBTB47"	129	-1.93	0.0541	0.251	NA	"ACSS2, PEPD, SORT1, ARPC2, + 86 genes"
"ZNF181"	"ZNF181"	36	-1.93	0.053	0.248	NA	"ZNF546, ZNF571, ZNF605, ZNF461, + 27 genes"
"MLLT1"	"MLLT1"	51	-1.95	0.0516	0.242	NA	"SPEF1, WNK2, SPACA9, LACTB2, + 32 genes"
"ZNF25"	"ZNF25"	32	-1.95	0.0508	0.241	NA	"SENP6, RIC8A, NAA25, WDR35, + 24 genes"
"NFATC3"	"NFATC3"	100	-2	0.0454	0.217	NA	"TSTD1, KIFC2, RNF181, SSB, + 84 genes"
"TRERF1"	"TRERF1"	178	-2	0.0451	0.217	NA	"BCL11B, RPL10A, RHEB, SLC9A9, + 112 genes"
"MXD1"	"MXD1"	71	-2.04	0.0415	0.202	NA	"NHP2, INSYN1, ZNF622, EGR2, + 45 genes"
"GABPA"	"GABPA"	43	-2.05	0.0406	0.2	NA	"IFITM10, ALG10B, GCHFR, CEP44, + 36 genes"
"RXRA"	"RXRA"	65	-2.08	0.0377	0.186	NA	"CNEP1R1, AP5S1, POLR3H, TMEM8B, + 42 genes"
"ZBTB40"	"ZBTB40"	87	-2.08	0.0373	0.186	NA	"HSD17B1P1, CCDC93, KDM2B, ELOC, + 75 genes"
"ZNF391"	"ZNF391"	32	-2.08	0.0371	0.186	NA	"NKX2-8, LMNA, GDPD1, AP3M2, + 23 genes"
"THAP6"	"THAP6"	61	-2.09	0.037	0.186	NA	"NUDT12, ABHD18, SBDSP1, B4GALT2, + 48 genes"
"NFXL1"	"NFXL1"	149	-2.11	0.0345	0.175	NA	"BRD3, HOXB6, VAMP5, CUL4A, + 129 genes"
"MEIS1"	"MEIS1"	45	-2.12	0.0344	0.175	NA	"ARHGEF26-AS1, HMCN2, LRRC8C-DT, CITED1, + 25 genes"
"ESR2"	"ESR2"	101	-2.12	0.0339	0.174	NA	"KDM2B, POLR2M, DENND5B, DENND3, + 73 genes"
"CASZ1"	"CASZ1"	54	-2.13	0.0334	0.173	NA	"MMP24, EIF3E, DBI, DAPK1, + 41 genes"
"ID3"	"ID3"	44	-2.13	0.0334	0.173	NA	"PGF, SLC39A7, SLC27A4, RGS14, + 27 genes"
"ZNF44"	"ZNF44"	31	-2.13	0.0331	0.173	NA	"HIC2, ZNF594, ZNF248, EFCAB6, + 20 genes"
"EGR2"	"EGR2"	28	-2.15	0.0317	0.168	NA	"FOSB, EGR1, FAM53C, KRT87P, + 20 genes"
"ZSCAN25"	"ZSCAN25"	63	-2.15	0.0312	0.166	NA	"ZSCAN29, KANSL1, ZSCAN32, CBFA2T2, + 57 genes"
"SMAD4"	"SMAD4"	62	-2.17	0.0298	0.163	NA	"IFI27, SLC12A5, LRAT, VSIG10L, + 49 genes"
"HMBOX1"	"HMBOX1"	63	-2.2	0.0276	0.154	NA	"CCNDBP1, ZNF546, GSKIP, BTBD1, + 43 genes"
"PRDM5"	"PRDM5"	133	-2.21	0.0274	0.154	NA	"ANG, TNFRSF4, PLA2G12A, ARPC2, + 105 genes"
"PAX8"	"PAX8"	109	-2.21	0.0272	0.154	NA	"ARPC2, GAS2L3, HIRA, LNP1, + 69 genes"
"ZNF22"	"ZNF22"	88	-2.21	0.0269	0.154	NA	"RNASEH1-AS1, ZNF273, BDNF-AS, DERL2, + 64 genes"
"HIC2"	"HIC2"	67	-2.24	0.0252	0.148	NA	"GPR137B, CCDC181, ZNF280B, GDF15, + 32 genes"
"NR3C1"	"NR3C1"	58	-2.25	0.0248	0.147	NA	"BICRAL, SNORC, ARHGAP26, TIMP3, + 47 genes"
"ZFHX4"	"ZFHX4"	49	-2.26	0.0241	0.144	NA	"ENOX1, ITM2C, ENTPD7, NOCT, + 27 genes"
"ZBTB16"	"ZBTB16"	25	-2.28	0.0226	0.137	NA	"KLF13, S100A5, APLNR, LIMCH1, + 18 genes"
"SMAD2"	"SMAD2"	95	-2.28	0.0226	0.137	NA	"ACADL, ADPGK, SNRNP70, NTRK3, + 72 genes"
"ZNF737"	"ZNF737"	61	-2.29	0.0223	0.137	NA	"HMCES, PUSL1, HDHD2, RANGAP1, + 49 genes"
"SNAI1"	"SNAI1"	50	-2.31	0.0211	0.13	NA	"MRGPRF, ECHDC1, BTC, BDKRB2, + 31 genes"
"ZHX1"	"ZHX1"	106	-2.31	0.0209	0.13	NA	"SLC37A3, SLC35A3, KIF13A, FYCO1, + 92 genes"
"MYNN"	"MYNN"	44	-2.31	0.0208	0.13	NA	"FBXO30, EVI5L, EEF1AKMT2, ZCCHC10, + 26 genes"
"BMPR1A"	"BMPR1A"	25	-2.31	0.0208	0.13	NA	"NFKBIE, CARD9, CDC45, ALDH18A1, + 16 genes"
"ZSCAN21"	"ZSCAN21"	52	-2.31	0.0207	0.13	NA	"ZNF75A, SPINK2, ZNF862, ZNF248, + 36 genes"
"MYCL"	"MYCL"	56	-2.32	0.0206	0.13	NA	"NPM1P25, CHST14, DNAH14, PHACTR4, + 26 genes"
"ZBTB21"	"ZBTB21"	103	-2.32	0.0204	0.13	NA	"USF1, RFC2, CNPY3, HIPK1, + 86 genes"
"PRDM6"	"PRDM6"	42	-2.32	0.0204	0.13	NA	"MMP11, ZNF35, CMAHP, TMEM169, + 33 genes"
"ZNF717"	"ZNF717"	53	-2.33	0.0198	0.129	NA	"CDK20, SCAMP1-AS1, C11orf71, ZNF337-AS1, + 36 genes"
"ZNF664"	"ZNF664"	140	-2.33	0.0196	0.129	NA	"SUCLG2, ACO2, PLA2G12A, NIPA1, + 100 genes"
"THAP5"	"THAP5"	55	-2.39	0.0168	0.114	NA	"UBE2V2, EGLN1, CACNB3, ACAP3, + 47 genes"
"TSHZ1"	"TSHZ1"	28	-2.39	0.0167	0.114	NA	"ZEB1, VWA8, RAPGEF2, MRPL46, + 19 genes"
"SP2"	"SP2"	149	-2.4	0.0164	0.114	NA	"SGMS1-AS1, GTF3C6, C4orf48, PFDN6, + 116 genes"
"ZNF37A"	"ZNF37A"	74	-2.42	0.0157	0.11	NA	"DYRK1A, TWF2, MAT2A, DHFR2, + 60 genes"
"ZXDB"	"ZXDB"	167	-2.44	0.0146	0.105	NA	"PPM1A, DGKZ, GPRASP2, CHML, + 141 genes"
"NFIA"	"NFIA"	119	-2.44	0.0145	0.105	NA	"DLG1-AS1, MAFTRR, EFCAB12, GPN1, + 86 genes"
"ZXDA"	"ZXDA"	78	-2.48	0.013	0.0953	NA	"CARHSP1, BOD1L1, HCFC1R1, SIRT6, + 68 genes"
"ZBED3"	"ZBED3"	62	-2.52	0.0117	0.0868	NA	"RAB32, ALOX5AP, VLDLR, FRMD4B, + 43 genes"
"ZNF235"	"ZNF235"	43	-2.53	0.0114	0.0849	NA	"ZNF225, ZNF583, CITED1, GPX1, + 37 genes"
"FOXE1"	"FOXE1"	59	-2.53	0.0114	0.0849	NA	"ELP3, FICD, MAN2B2, MED22, + 47 genes"
"TERF1"	"TERF1"	137	-2.55	0.0109	0.0823	NA	"RNF13, NCLN, IFT74, WBP4, + 112 genes"
"MLXIP"	"MLXIP"	56	-2.55	0.0107	0.0819	NA	"ARRDC4, MAPKBP1, LACC1, AKT2, + 39 genes"
"ZNF548"	"ZNF548"	99	-2.56	0.0105	0.0805	NA	"ZNF776, RLF, ATR, CHID1, + 84 genes"
"SETBP1"	"SETBP1"	137	-2.56	0.0104	0.0805	NA	"MPG, RAPGEF2, CRISPLD1, UCN, + 109 genes"
"ZNF674"	"ZNF674"	53	-2.61	0.00903	0.0714	NA	"TWF2, RORA, KRIT1, CCDC30, + 44 genes"
"CEBPG"	"CEBPG"	118	-2.63	0.00858	0.069	NA	"ZNF35, GOLM1, PNRC1, CERS1, + 69 genes"
"CEBPA"	"CEBPA"	30	-2.67	0.00759	0.0627	NA	"GPR160, SIRT4, ANKRD34A, ITGB8, + 13 genes"
"ZNF429"	"ZNF429"	30	-2.71	0.00674	0.0562	NA	"ARHGEF9, KANSL3, ZNF280B, CKLF, + 25 genes"
"TFDP1"	"TFDP1"	103	-2.78	0.00536	0.046	NA	"AGPAT2, RRP1, VWA8, MIPEP, + 84 genes"
"ZNF33B"	"ZNF33B"	44	-2.8	0.0051	0.045	NA	"KLF16, ZNF616, CTH, ZNF717, + 33 genes"
"FOXO1"	"FOXO1"	110	-2.8	0.00508	0.045	NA	"ABAT, POC1A, BLVRA, CARS2, + 95 genes"
"ZNF641"	"ZNF641"	76	-2.81	0.00498	0.0449	NA	"DUSP23, VAMP8, MYLPF, DDAH2, + 66 genes"
"SMARCA1"	"SMARCA1"	212	-2.82	0.00479	0.0441	NA	"NAGPA, SALL2, AKIRIN1, TSPO, + 158 genes"
"ZNF396"	"ZNF396"	96	-2.82	0.00474	0.0441	NA	"ZNF862, ZNF594, BAG3, KLF16, + 78 genes"
"ZBTB25"	"ZBTB25"	77	-2.83	0.00471	0.0441	NA	"KDM2B, XRCC6, PPRC1, ODC1, + 62 genes"
"AR"	"AR"	52	-2.83	0.00461	0.0437	NA	"MAP1A, ENKUR, DYRK3, FAM107A, + 33 genes"
"ZNF680"	"ZNF680"	136	-2.85	0.00441	0.0423	NA	"RNPEPL1, KCNK6, EIF4G3, PIK3R4, + 110 genes"
"PPARG"	"PPARG"	45	-2.87	0.0041	0.0401	NA	"CLDN8, IPCEF1, ARMCX3, GSTK1, + 31 genes"
"NFE2L2"	"NFE2L2"	84	-2.9	0.0037	0.0375	NA	"WDR47, UCN, POLRMT, SPC24, + 60 genes"
"THAP9"	"THAP9"	130	-2.91	0.00363	0.0371	NA	"DOCK5, LCN2, MTPAP, RAB32, + 115 genes"
"ZNF589"	"ZNF589"	65	-2.92	0.00354	0.0367	NA	"CBLB, ZNF530, ZNF717, HEATR4, + 53 genes"
"ZFP62"	"ZFP62"	92	-2.97	0.003	0.0322	NA	"ZNF594, AP3M2, TNPO3, ZNF844, + 78 genes"
"PBX4"	"PBX4"	255	-3	0.00271	0.0298	NA	"C20orf96, PABPC4L, TTC34, KPNA1, + 192 genes"
"PKNOX1"	"PKNOX1"	51	-3.01	0.00263	0.0293	NA	"RNF170, CLDN8, VDR, FAM189A2, + 32 genes"
"ZNF541"	"ZNF541"	37	-3.01	0.0026	0.0293	NA	"PCBP1-AS1, C19orf54, H1F0, PAX8, + 30 genes"
"EBF4"	"EBF4"	234	-3.01	0.0026	0.0293	NA	"PINK1-AS, UBE2G2, SNX9, USP20, + 154 genes"
"ZNF275"	"ZNF275"	121	-3.02	0.00251	0.029	NA	"ESRRA, PNMA6A, ARL6IP6, RPLP0, + 100 genes"
"HIF3A"	"HIF3A"	25	-3.03	0.00242	0.0284	NA	"LYN, KIF17, FGFRL1, CFAP157, + 12 genes"
"ZNF658"	"ZNF658"	50	-3.06	0.00218	0.0262	NA	"WDFY3-AS2, RBAK, LINC00663, BTG3, + 42 genes"
"ZSCAN5A"	"ZSCAN5A"	73	-3.07	0.00213	0.026	NA	"C4orf47, CFAP57, LINC00982, NRL, + 61 genes"
"ZNF652"	"ZNF652"	81	-3.09	0.00201	0.0256	NA	"PGD, ZNF710-AS1, SIM2, SNX1, + 63 genes"
"ZNF138"	"ZNF138"	54	-3.1	0.00194	0.025	NA	"HSF2, ZYG11A, NUTM2A-AS1, CCDC97, + 35 genes"
"SOX5"	"SOX5"	203	-3.12	0.00181	0.024	NA	"FBN1, CCDC68, CPED1, NFYB, + 164 genes"
"PRDM16"	"PRDM16"	96	-3.12	0.0018	0.024	NA	"PINK1-AS, CHEK2, CASZ1, KDM4B, + 81 genes"
"ZFPM2"	"ZFPM2"	184	-3.13	0.00174	0.0237	NA	"FRMD4A, ALPL, CMIP, EXT1, + 125 genes"
"ZHX3"	"ZHX3"	75	-3.14	0.0017	0.0236	NA	"SMYD4, KIAA0556, ERLIN2, SSBP4, + 56 genes"
"KLF15"	"KLF15"	45	-3.16	0.00158	0.0226	NA	"C21orf62-AS1, CDHR3, LINC01144, IL27RA, + 31 genes"
"TSHZ3"	"TSHZ3"	43	-3.17	0.0015	0.0218	NA	"DPY19L3, ROCK2, SCN3B, CRISPLD1, + 34 genes"
"ZBTB5"	"ZBTB5"	107	-3.19	0.0014	0.0208	NA	"TSTD2, ZNF853, GVQW3, PSMB2, + 90 genes"
"ZNF684"	"ZNF684"	75	-3.2	0.00136	0.0204	NA	"DANCR, CCDC97, C10orf143, NPLOC4, + 52 genes"
"ZFP3"	"ZFP3"	44	-3.24	0.00121	0.0185	NA	"CAND2, C17orf51, ARHGEF9, GRPEL2, + 37 genes"
"SMAD9"	"SMAD9"	106	-3.24	0.00118	0.0184	NA	"PNPLA8, TRIM54, RABIF, RHOV, + 163 genes"
"ZNF438"	"ZNF438"	82	-3.25	0.00115	0.0182	NA	"HEATR4, FBXO16, RN7SL832P, SIRT4, + 65 genes"
"GLI3"	"GLI3"	68	-3.26	0.00113	0.0181	NA	"ZFPM2, CITED1, CLIC1, GPX1, + 59 genes"
"ZC3H8"	"ZC3H8"	73	-3.28	0.00103	0.0168	NA	"DUS4L, HLA-G, HNRNPA3, GORASP1, + 58 genes"
"GLIS3"	"GLIS3"	49	-3.34	0.000839	0.0154	NA	"SAAL1, EPB41L5, SCNM1, SIN3A, + 40 genes"
"TEAD4"	"TEAD4"	88	-3.37	0.000741	0.0139	NA	"SLC27A4, NT5C3B, CKB, C19orf54, + 62 genes"
"TCF7L1"	"TCF7L1"	265	-3.38	0.000727	0.0139	NA	"TBILA, ALOX5, PDIA3P1, ANKRD53, + 181 genes"
"MYCN"	"MYCN"	46	-3.41	0.000658	0.0135	NA	"RAB6B, PUDP, PHACTR4, FZD8, + 38 genes"
"MAFB"	"MAFB"	92	-3.42	0.000636	0.0135	NA	"LTF, C1S, CTH, MAP2K6, + 75 genes"
"HIVEP3"	"HIVEP3"	103	-3.42	0.000633	0.0135	NA	"CASZ1, UBAP2, CD320, IMPDH2, + 86 genes"
"ZNF782"	"ZNF782"	129	-3.45	0.000562	0.0131	NA	"CCDC15, ZNF280D, TUBA4A, CTH, + 107 genes"
"PAX6"	"PAX6"	84	-3.49	0.00049	0.0126	NA	"CCDC65, PLBD2, PDE4C, FAM204A, + 65 genes"
"ATF2"	"ATF2"	109	-3.51	0.000445	0.012	NA	"AFTPH, PNPLA6, RREB1, FAM199X, + 93 genes"
"TFCP2"	"TFCP2"	162	-3.53	0.000423	0.0119	NA	"MNS1, NCOA5, MAP4K2, CCDC30, + 124 genes"
"ESRRG"	"ESRRG"	159	-3.53	0.000413	0.0119	NA	"S100A6, IGFBP6, PAX8-AS1, S100A5, + 135 genes"
"HLF"	"HLF"	80	-3.54	0.000399	0.0119	NA	"FOXO1, PDE8B, AXIN2, C2orf88, + 63 genes"
"ZNF569"	"ZNF569"	92	-3.56	0.000373	0.0116	NA	"SEPSECS, TGM2, TLK2, CTH, + 80 genes"
"LRRFIP2"	"LRRFIP2"	145	-3.71	0.000208	0.00781	NA	"PRKD2, LAMA5, LIFR-AS1, LMNB2, + 125 genes"
"ZNF781"	"ZNF781"	54	-3.71	0.000206	0.00781	NA	"MCU, LRRC6, INAFM2, HMBOX1, + 40 genes"
"ID4"	"ID4"	142	-3.78	0.000158	0.00649	NA	"TIGD7, CRABP2, TCTN1, NLGN2, + 123 genes"
"MLLT3"	"MLLT3"	70	-3.8	0.000143	0.00643	NA	"N4BP3, CCDC30, WDR93, HTR7P1, + 90 genes"
"ZNF480"	"ZNF480"	145	-3.84	0.000121	0.00574	NA	"ZNF641, TCAF2, PUF60, DNM3, + 129 genes"
"ZBTB2"	"ZBTB2"	59	-3.86	0.000116	0.00574	NA	"LGALS1, H1F0, RPL7L1, SPATA7, + 49 genes"
"ZKSCAN3"	"ZKSCAN3"	35	-3.88	0.000105	0.00554	NA	"MYL12A, STRA6, ZSCAN25, DZANK1, + 25 genes"
"TCFL5"	"TCFL5"	103	-3.89	0.000102	0.00554	NA	"MDK, DUSP15, GSTM3, CATSPER1, + 87 genes"
"RARB"	"RARB"	141	-3.89	0.000102	0.00554	NA	"FAM13C, SCML2, C2orf88, NIFK, + 113 genes"
"PROX1"	"PROX1"	93	-3.93	8.57e-05	0.00554	NA	"PAX8-AS1, ATXN7L1, SMAGP, MIR4697HG, + 87 genes"
"ZKSCAN5"	"ZKSCAN5"	89	-3.97	7.29e-05	0.00547	NA	"MIR222HG, SAMD15, TFCP2L1, S100A1, + 90 genes"
"GZF1"	"GZF1"	271	-3.98	7.01e-05	0.00547	NA	"GPX4, SNX19, B3GALNT2, PUS7, + 278 genes"
"ZFP36L2"	"ZFP36L2"	102	-4.35	1.36e-05	0.00175	NA	"MYCL, HSD17B6, FGL2, PRKX, + 82 genes"
"TFCP2L1"	"TFCP2L1"	178	-4.6	4.13e-06	0.000744	NA	"SLA, MDK, NEK11, S1PR2, + 157 genes"
"PEG3"	"PEG3"	297	-4.75	2.03e-06	0.000457	NA	"ZNF704, ZNF630, C15orf48, TWF2, + 288 genes"
